npm warn Unknown env config "http-proxy". This will stop working in the next major version of npm.

> boki-rpg-app@1.0.0 verify
> npm run audit:explanations && npm test && npm run typecheck

npm warn Unknown env config "http-proxy". This will stop working in the next major version of npm.

> boki-rpg-app@1.0.0 audit:explanations
> node scripts/audit-explanations.js

{
  "total": 300,
  "duplicateIds": [],
  "missingAnswerOrExplanation": [],
  "nullishAnomalies": [],
  "blacklistedPhrases": [],
  "semanticErrors": [],
  "duplicateHeadings": [],
  "duplicateExplanations": [],
  "lengthViolations": [],
  "insufficientSpecificText": [],
  "journalQuality": [],
  "tableQuality": [],
  "ledgerMismatch": [],
  "duplicatePhrases": {
    "count": 190,
    "samples": [
      {
        "phrase": "三分法では、商品の購入額を「仕入」（費用）として処理し、商品代金を後日支払う義務を「買掛金」として計上します",
        "ids": [
          "J004",
          "J054"
        ]
      },
      {
        "phrase": "商品代金は掛け、引取運賃は現金払いですが、当店負担の仕入諸掛は商品の取得原価に含めるため、両者を「仕入」に集計します",
        "ids": [
          "J006",
          "J056"
        ]
      },
      {
        "phrase": "信販会社への手数料は「支払手数料」（費用）、差引入金予定額は「クレジット売掛金」として処理します",
        "ids": [
          "J014",
          "J064"
        ]
      },
      {
        "phrase": "商品を受け取る前の支払いであるため、仕入ではなく、後日商品を受け取る権利として「前払金」を計上します",
        "ids": [
          "J015",
          "J065"
        ]
      },
      {
        "phrase": "使った14,000円と同額の小切手を振り出して小口現金を補充するため、当座預金を14,000円減らします",
        "ids": [
          "J020",
          "J070"
        ]
      }
    ]
  },
  "ok": true
}
npm warn Unknown env config "http-proxy". This will stop working in the next major version of npm.

> boki-rpg-app@1.0.0 test
> node tests/independent-quality-gate.test.js && node tests/cross-layer-mutation.test.js && node tests/explanation-audit-regression.test.js && node tests/quality-regressions.test.js && node tests/mobile-layout.test.js && node tests/app.test.js && node tests/service-worker.test.js && node tests/audit-engagement.test.js && node tests/true-oracle.test.js && node tests/audit-matrix.test.js && node scripts/audit-data.js && node scripts/audit-feedback.js && node scripts/audit-editorial.js && node scripts/audit-oracle.js && npm run audit:oracle-source && node scripts/audit-exam-readiness.js

independent quality gate tests: ok
cross-layer mutation tests: ok
explanation audit regression tests: ok
quality regression tests: ok
mobile layout static tests (320/375/390/430): ok
app tests: ok
service worker tests: ok
Engagement audit tests: PASS
true oracle tests: ok
audit matrix freshness tests passed
{
  "total": 300,
  "uniqueTemplates": {
    "question": 164,
    "explanation": 183,
    "story": 228
  },
  "questionsInRepeatedGroups": {
    "question": 193,
    "explanation": 163,
    "story": 95
  },
  "chapters": {
    "1": 25,
    "2": 25,
    "3": 25,
    "4": 25,
    "5": 25,
    "6": 25,
    "7": 25,
    "8": 25,
    "9": 25,
    "10": 25,
    "11": 25,
    "12": 25
  },
  "topicMentions": {
    "手形": 7,
    "入金伝票": 1,
    "出金伝票": 1,
    "振替伝票": 1,
    "移動平均": 1,
    "現金出納帳": 2,
    "当座預金出納帳": 1,
    "小口現金出納帳": 1,
    "仕入帳": 1,
    "売上帳": 1,
    "損益計算書": 21,
    "8桁精算表": 1
  }
}
{
  "questions": 300,
  "generatedCases": 1234,
  "testedByType": {
    "journal": 150,
    "ledger": 50,
    "trial_balance": 40,
    "correction": 20,
    "worksheet": 20,
    "financial_statement": 10,
    "comprehensive": 10
  },
  "misconceptionPairs": {
    "total": 252,
    "specific": 252,
    "fallback": 0,
    "coverage": "100.0%",
    "genericPairs": []
  },
  "semantic": {
    "VALID": 300,
    "QUESTIONABLE": 0,
    "INVALID": 0
  }
}
{
  "ok": true,
  "total": 300,
  "findings": []
}
{
  "coverage": {
    "total": 300,
    "independent": 300,
    "unknown": 0,
    "answerDependent": 0,
    "fingerprintOnly": 0,
    "byType": {
      "journal": {
        "total": 150,
        "independent": 150,
        "matched": 150
      },
      "ledger": {
        "total": 50,
        "independent": 50,
        "matched": 50
      },
      "trial_balance": {
        "total": 40,
        "independent": 40,
        "matched": 40
      },
      "correction": {
        "total": 20,
        "independent": 20,
        "matched": 20
      },
      "worksheet": {
        "total": 20,
        "independent": 20,
        "matched": 20
      },
      "financial_statement": {
        "total": 10,
        "independent": 10,
        "matched": 10
      },
      "comprehensive": {
        "total": 10,
        "independent": 10,
        "matched": 10
      }
    }
  },
  "dependency": {
    "RULE_DERIVED": 170,
    "CALCULATION_DERIVED": 130,
    "SEMANTIC_TRANSFER": 0,
    "MIRROR_FALLBACK": 0,
    "UNKNOWN": 0
  },
  "identity": {
    "total": 0,
    "justified": 0,
    "unjustified": 0
  },
  "mutation": {
    "total": 900,
    "detected": 900,
    "missed": 0,
    "rate": "100.0%"
  },
  "examPool": {
    "questions": 74,
    "independent": 74
  }
}
npm warn Unknown env config "http-proxy". This will stop working in the next major version of npm.

> boki-rpg-app@1.0.0 audit:oracle-source
> node scripts/audit-oracle-source.js

{
  "totalQuestions": 300,
  "answerIndependent": 300,
  "sourceSensitiveTested": 300,
  "sourceSensitivePassed": 300,
  "invalidSourceDetection": {
    "passed": 1,
    "total": 1
  },
  "unknownSourceFailClosed": {
    "passed": 1,
    "total": 1
  },
  "byClass": {
    "SIGN_REVERSAL": {
      "passed": 1,
      "total": 1
    },
    "ZERO": {
      "passed": 1,
      "total": 1
    },
    "TRANSACTION_SEMANTIC": {
      "passed": 1,
      "total": 1
    },
    "UNKNOWN_SEMANTIC": {
      "passed": 1,
      "total": 1
    },
    "CONSISTENCY_BREAK": {
      "passed": 1,
      "total": 1
    },
    "DYNAMIC_SOURCE": {
      "passed": 300,
      "total": 300
    },
    "ANSWER_TAMPER": {
      "passed": 300,
      "total": 300
    }
  },
  "evidence": [
    {
      "questionId": "L038",
      "mutationClass": "SIGN_REVERSAL",
      "originalSource": {
        "question": "買掛金勘定へ3取引を転記し、最終相手勘定、残高方向、期末残高を求めなさい。期首貸方残高75,000円。",
        "materials": [
          {
            "日付": "5/4",
            "取引": "掛仕入",
            "相手勘定": "仕入",
            "増加": 140000,
            "減少": "—"
          },
          {
            "日付": "5/18",
            "取引": "普通預金から支払",
            "相手勘定": "普通預金",
            "増加": "—",
            "減少": 80000
          },
          {
            "日付": "5/27",
            "取引": "仕入返品",
            "相手勘定": "仕入",
            "増加": "—",
            "減少": 15000
          }
        ],
        "table": {
          "columns": [
            "記入欄",
            "解答"
          ],
          "rows": [
            {
              "item": "最終取引日",
              "amount": "入力"
            },
            {
              "item": "最終相手勘定",
              "amount": "入力"
            },
            {
              "item": "残高方向",
              "amount": "入力"
            },
            {
              "item": "期末残高",
              "amount": "入力"
            }
          ],
          "inputCells": [
            "date",
            "counterpart",
            "balanceSide",
            "balance"
          ],
          "inputTypes": {
            "date": "text",
            "counterpart": "text",
            "balanceSide": "text",
            "balance": "amount"
          },
          "inputMetadata": {
            "date": {
              "label": "日付",
              "semanticType": "date"
            },
            "counterpart": {
              "label": "最終相手勘定",
              "semanticType": "text"
            },
            "balanceSide": {
              "label": "残高方向",
              "semanticType": "text"
            },
            "balance": {
              "label": "残高",
              "semanticType": "amount"
            }
          },
          "controlTypes": {
            "date": "text",
            "counterpart": "text",
            "balanceSide": "text",
            "balance": "numeric"
          }
        }
      },
      "mutatedSource": {
        "question": "買掛金勘定へ3取引を転記し、最終相手勘定、残高方向、期末残高を求めなさい。期首貸方残高75,000円。",
        "materials": [
          {
            "日付": "5/4",
            "取引": "掛仕入",
            "相手勘定": "仕入",
            "増加": 140000,
            "減少": "—"
          },
          {
            "日付": "5/18",
            "取引": "普通預金から支払",
            "相手勘定": "普通預金",
            "増加": "—",
            "減少": 80000
          },
          {
            "日付": "5/27",
            "取引": "仕入返品",
            "相手勘定": "仕入",
            "増加": "—",
            "減少": 300000
          }
        ],
        "table": {
          "columns": [
            "記入欄",
            "解答"
          ],
          "rows": [
            {
              "item": "最終取引日",
              "amount": "入力"
            },
            {
              "item": "最終相手勘定",
              "amount": "入力"
            },
            {
              "item": "残高方向",
              "amount": "入力"
            },
            {
              "item": "期末残高",
              "amount": "入力"
            }
          ],
          "inputCells": [
            "date",
            "counterpart",
            "balanceSide",
            "balance"
          ],
          "inputTypes": {
            "date": "text",
            "counterpart": "text",
            "balanceSide": "text",
            "balance": "amount"
          },
          "inputMetadata": {
            "date": {
              "label": "日付",
              "semanticType": "date"
            },
            "counterpart": {
              "label": "最終相手勘定",
              "semanticType": "text"
            },
            "balanceSide": {
              "label": "残高方向",
              "semanticType": "text"
            },
            "balance": {
              "label": "残高",
              "semanticType": "amount"
            }
          },
          "controlTypes": {
            "date": "text",
            "counterpart": "text",
            "balanceSide": "text",
            "balance": "numeric"
          }
        }
      },
      "originalExpected": {
        "cells": {
          "date": "5/27",
          "counterpart": "仕入",
          "balanceSide": "貸方",
          "balance": 120000
        }
      },
      "mutatedExpected": {
        "cells": {
          "date": "5/27",
          "counterpart": "仕入",
          "balanceSide": "借方",
          "balance": 165000
        }
      },
      "status": "DERIVED",
      "sourceValid": true,
      "pass": true
    },
    {
      "questionId": "L038",
      "mutationClass": "ZERO",
      "originalSource": {
        "question": "買掛金勘定へ3取引を転記し、最終相手勘定、残高方向、期末残高を求めなさい。期首貸方残高75,000円。",
        "materials": [
          {
            "日付": "5/4",
            "取引": "掛仕入",
            "相手勘定": "仕入",
            "増加": 140000,
            "減少": "—"
          },
          {
            "日付": "5/18",
            "取引": "普通預金から支払",
            "相手勘定": "普通預金",
            "増加": "—",
            "減少": 80000
          },
          {
            "日付": "5/27",
            "取引": "仕入返品",
            "相手勘定": "仕入",
            "増加": "—",
            "減少": 15000
          }
        ],
        "table": {
          "columns": [
            "記入欄",
            "解答"
          ],
          "rows": [
            {
              "item": "最終取引日",
              "amount": "入力"
            },
            {
              "item": "最終相手勘定",
              "amount": "入力"
            },
            {
              "item": "残高方向",
              "amount": "入力"
            },
            {
              "item": "期末残高",
              "amount": "入力"
            }
          ],
          "inputCells": [
            "date",
            "counterpart",
            "balanceSide",
            "balance"
          ],
          "inputTypes": {
            "date": "text",
            "counterpart": "text",
            "balanceSide": "text",
            "balance": "amount"
          },
          "inputMetadata": {
            "date": {
              "label": "日付",
              "semanticType": "date"
            },
            "counterpart": {
              "label": "最終相手勘定",
              "semanticType": "text"
            },
            "balanceSide": {
              "label": "残高方向",
              "semanticType": "text"
            },
            "balance": {
              "label": "残高",
              "semanticType": "amount"
            }
          },
          "controlTypes": {
            "date": "text",
            "counterpart": "text",
            "balanceSide": "text",
            "balance": "numeric"
          }
        }
      },
      "mutatedSource": {
        "question": "買掛金勘定へ3取引を転記し、最終相手勘定、残高方向、期末残高を求めなさい。期首貸方残高75,000円。",
        "materials": [
          {
            "日付": "5/4",
            "取引": "掛仕入",
            "相手勘定": "仕入",
            "増加": 140000,
            "減少": "—"
          },
          {
            "日付": "5/18",
            "取引": "普通預金から支払",
            "相手勘定": "普通預金",
            "増加": "—",
            "減少": 80000
          },
          {
            "日付": "5/27",
            "取引": "仕入返品",
            "相手勘定": "仕入",
            "増加": "—",
            "減少": 135000
          }
        ],
        "table": {
          "columns": [
            "記入欄",
            "解答"
          ],
          "rows": [
            {
              "item": "最終取引日",
              "amount": "入力"
            },
            {
              "item": "最終相手勘定",
              "amount": "入力"
            },
            {
              "item": "残高方向",
              "amount": "入力"
            },
            {
              "item": "期末残高",
              "amount": "入力"
            }
          ],
          "inputCells": [
            "date",
            "counterpart",
            "balanceSide",
            "balance"
          ],
          "inputTypes": {
            "date": "text",
            "counterpart": "text",
            "balanceSide": "text",
            "balance": "amount"
          },
          "inputMetadata": {
            "date": {
              "label": "日付",
              "semanticType": "date"
            },
            "counterpart": {
              "label": "最終相手勘定",
              "semanticType": "text"
            },
            "balanceSide": {
              "label": "残高方向",
              "semanticType": "text"
            },
            "balance": {
              "label": "残高",
              "semanticType": "amount"
            }
          },
          "controlTypes": {
            "date": "text",
            "counterpart": "text",
            "balanceSide": "text",
            "balance": "numeric"
          }
        }
      },
      "originalExpected": {
        "cells": {
          "date": "5/27",
          "counterpart": "仕入",
          "balanceSide": "貸方",
          "balance": 120000
        }
      },
      "mutatedExpected": {
        "cells": {
          "date": "5/27",
          "counterpart": "仕入",
          "balanceSide": "貸方",
          "balance": 0
        }
      },
      "status": "DERIVED",
      "sourceValid": true,
      "pass": true
    },
    {
      "questionId": "L041",
      "mutationClass": "TRANSACTION_SEMANTIC",
      "originalSource": {
        "question": "取引資料を仕訳帳へ記帳しなさい。元丁は現金101、売掛金113、売上401、通信費521とする。",
        "materials": [
          {
            "日付": "4/3",
            "取引": "商品90,000円を掛販売"
          },
          {
            "日付": "4/8",
            "取引": "通信費12,000円を現金払い"
          }
        ],
        "table": {
          "columns": [
            "記入欄",
            "解答"
          ],
          "rows": [
            {
              "item": "4/3 借方科目",
              "amount": "入力"
            },
            {
              "item": "4/3 借方元丁",
              "amount": "入力"
            },
            {
              "item": "4/3 借方金額",
              "amount": "入力"
            },
            {
              "item": "4/3 貸方科目",
              "amount": "入力"
            },
            {
              "item": "4/3 貸方元丁",
              "amount": "入力"
            },
            {
              "item": "4/3 貸方金額",
              "amount": "入力"
            },
            {
              "item": "4/8 借方科目",
              "amount": "入力"
            },
            {
              "item": "4/8 借方元丁",
              "amount": "入力"
            },
            {
              "item": "4/8 借方金額",
              "amount": "入力"
            },
            {
              "item": "4/8 貸方科目",
              "amount": "入力"
            },
            {
              "item": "4/8 貸方元丁",
              "amount": "入力"
            },
            {
              "item": "4/8 貸方金額",
              "amount": "入力"
            }
          ],
          "inputCells": [
            "d1Account",
            "d1Ref",
            "d1Amount",
            "c1Account",
            "c1Ref",
            "c1Amount",
            "d2Account",
            "d2Ref",
            "d2Amount",
            "c2Account",
            "c2Ref",
            "c2Amount"
          ],
          "inputTypes": {
            "d1Account": "text",
            "d1Ref": "amount",
            "d1Amount": "amount",
            "c1Account": "text",
            "c1Ref": "amount",
            "c1Amount": "amount",
            "d2Account": "text",
            "d2Ref": "amount",
            "d2Amount": "amount",
            "c2Account": "text",
            "c2Ref": "amount",
            "c2Amount": "amount"
          },
          "inputMetadata": {
            "d1Account": {
              "label": "4/3 借方科目",
              "semanticType": "account"
            },
            "d1Ref": {
              "label": "4/3 借方元丁",
              "semanticType": "folio"
            },
            "d1Amount": {
              "label": "4/3 借方金額",
              "semanticType": "amount"
            },
            "c1Account": {
              "label": "4/3 貸方科目",
              "semanticType": "account"
            },
            "c1Ref": {
              "label": "4/3 貸方元丁",
              "semanticType": "folio"
            },
            "c1Amount": {
              "label": "4/3 貸方金額",
              "semanticType": "amount"
            },
            "d2Account": {
              "label": "4/8 借方科目",
              "semanticType": "account"
            },
            "d2Ref": {
              "label": "4/8 借方元丁",
              "semanticType": "folio"
            },
            "d2Amount": {
              "label": "4/8 借方金額",
              "semanticType": "amount"
            },
            "c2Account": {
              "label": "4/8 貸方科目",
              "semanticType": "account"
            },
            "c2Ref": {
              "label": "4/8 貸方元丁",
              "semanticType": "folio"
            },
            "c2Amount": {
              "label": "4/8 貸方金額",
              "semanticType": "amount"
            }
          },
          "controlTypes": {
            "d1Account": "text",
            "d1Ref": "numeric",
            "d1Amount": "numeric",
            "c1Account": "text",
            "c1Ref": "numeric",
            "c1Amount": "numeric",
            "d2Account": "text",
            "d2Ref": "numeric",
            "d2Amount": "numeric",
            "c2Account": "text",
            "c2Ref": "numeric",
            "c2Amount": "numeric"
          }
        }
      },
      "mutatedSource": {
        "question": "取引資料を仕訳帳へ記帳しなさい。元丁は現金101、売掛金113、売上401、通信費521とする。",
        "materials": [
          {
            "日付": "4/3",
            "取引": "商品90,000円を現金販売"
          },
          {
            "日付": "4/8",
            "取引": "通信費12,000円を現金払い"
          }
        ],
        "table": {
          "columns": [
            "記入欄",
            "解答"
          ],
          "rows": [
            {
              "item": "4/3 借方科目",
              "amount": "入力"
            },
            {
              "item": "4/3 借方元丁",
              "amount": "入力"
            },
            {
              "item": "4/3 借方金額",
              "amount": "入力"
            },
            {
              "item": "4/3 貸方科目",
              "amount": "入力"
            },
            {
              "item": "4/3 貸方元丁",
              "amount": "入力"
            },
            {
              "item": "4/3 貸方金額",
              "amount": "入力"
            },
            {
              "item": "4/8 借方科目",
              "amount": "入力"
            },
            {
              "item": "4/8 借方元丁",
              "amount": "入力"
            },
            {
              "item": "4/8 借方金額",
              "amount": "入力"
            },
            {
              "item": "4/8 貸方科目",
              "amount": "入力"
            },
            {
              "item": "4/8 貸方元丁",
              "amount": "入力"
            },
            {
              "item": "4/8 貸方金額",
              "amount": "入力"
            }
          ],
          "inputCells": [
            "d1Account",
            "d1Ref",
            "d1Amount",
            "c1Account",
            "c1Ref",
            "c1Amount",
            "d2Account",
            "d2Ref",
            "d2Amount",
            "c2Account",
            "c2Ref",
            "c2Amount"
          ],
          "inputTypes": {
            "d1Account": "text",
            "d1Ref": "amount",
            "d1Amount": "amount",
            "c1Account": "text",
            "c1Ref": "amount",
            "c1Amount": "amount",
            "d2Account": "text",
            "d2Ref": "amount",
            "d2Amount": "amount",
            "c2Account": "text",
            "c2Ref": "amount",
            "c2Amount": "amount"
          },
          "inputMetadata": {
            "d1Account": {
              "label": "4/3 借方科目",
              "semanticType": "account"
            },
            "d1Ref": {
              "label": "4/3 借方元丁",
              "semanticType": "folio"
            },
            "d1Amount": {
              "label": "4/3 借方金額",
              "semanticType": "amount"
            },
            "c1Account": {
              "label": "4/3 貸方科目",
              "semanticType": "account"
            },
            "c1Ref": {
              "label": "4/3 貸方元丁",
              "semanticType": "folio"
            },
            "c1Amount": {
              "label": "4/3 貸方金額",
              "semanticType": "amount"
            },
            "d2Account": {
              "label": "4/8 借方科目",
              "semanticType": "account"
            },
            "d2Ref": {
              "label": "4/8 借方元丁",
              "semanticType": "folio"
            },
            "d2Amount": {
              "label": "4/8 借方金額",
              "semanticType": "amount"
            },
            "c2Account": {
              "label": "4/8 貸方科目",
              "semanticType": "account"
            },
            "c2Ref": {
              "label": "4/8 貸方元丁",
              "semanticType": "folio"
            },
            "c2Amount": {
              "label": "4/8 貸方金額",
              "semanticType": "amount"
            }
          },
          "controlTypes": {
            "d1Account": "text",
            "d1Ref": "numeric",
            "d1Amount": "numeric",
            "c1Account": "text",
            "c1Ref": "numeric",
            "c1Amount": "numeric",
            "d2Account": "text",
            "d2Ref": "numeric",
            "d2Amount": "numeric",
            "c2Account": "text",
            "c2Ref": "numeric",
            "c2Amount": "numeric"
          }
        }
      },
      "originalExpected": {
        "cells": {
          "d1Account": "売掛金",
          "d1Ref": 113,
          "d1Amount": 90000,
          "c1Account": "売上",
          "c1Ref": 401,
          "c1Amount": 90000,
          "d2Account": "通信費",
          "d2Ref": 521,
          "d2Amount": 12000,
          "c2Account": "現金",
          "c2Ref": 101,
          "c2Amount": 12000
        }
      },
      "mutatedExpected": {
        "cells": {
          "d1Account": "現金",
          "d1Ref": 101,
          "d1Amount": 90000,
          "c1Account": "売上",
          "c1Ref": 401,
          "c1Amount": 90000,
          "d2Account": "通信費",
          "d2Ref": 521,
          "d2Amount": 12000,
          "c2Account": "現金",
          "c2Ref": 101,
          "c2Amount": 12000
        }
      },
      "status": "DERIVED",
      "sourceValid": true,
      "pass": true
    },
    {
      "questionId": "L041",
      "mutationClass": "UNKNOWN_SEMANTIC",
      "originalSource": {
        "question": "取引資料を仕訳帳へ記帳しなさい。元丁は現金101、売掛金113、売上401、通信費521とする。",
        "materials": [
          {
            "日付": "4/3",
            "取引": "商品90,000円を掛販売"
          },
          {
            "日付": "4/8",
            "取引": "通信費12,000円を現金払い"
          }
        ],
        "table": {
          "columns": [
            "記入欄",
            "解答"
          ],
          "rows": [
            {
              "item": "4/3 借方科目",
              "amount": "入力"
            },
            {
              "item": "4/3 借方元丁",
              "amount": "入力"
            },
            {
              "item": "4/3 借方金額",
              "amount": "入力"
            },
            {
              "item": "4/3 貸方科目",
              "amount": "入力"
            },
            {
              "item": "4/3 貸方元丁",
              "amount": "入力"
            },
            {
              "item": "4/3 貸方金額",
              "amount": "入力"
            },
            {
              "item": "4/8 借方科目",
              "amount": "入力"
            },
            {
              "item": "4/8 借方元丁",
              "amount": "入力"
            },
            {
              "item": "4/8 借方金額",
              "amount": "入力"
            },
            {
              "item": "4/8 貸方科目",
              "amount": "入力"
            },
            {
              "item": "4/8 貸方元丁",
              "amount": "入力"
            },
            {
              "item": "4/8 貸方金額",
              "amount": "入力"
            }
          ],
          "inputCells": [
            "d1Account",
            "d1Ref",
            "d1Amount",
            "c1Account",
            "c1Ref",
            "c1Amount",
            "d2Account",
            "d2Ref",
            "d2Amount",
            "c2Account",
            "c2Ref",
            "c2Amount"
          ],
          "inputTypes": {
            "d1Account": "text",
            "d1Ref": "amount",
            "d1Amount": "amount",
            "c1Account": "text",
            "c1Ref": "amount",
            "c1Amount": "amount",
            "d2Account": "text",
            "d2Ref": "amount",
            "d2Amount": "amount",
            "c2Account": "text",
            "c2Ref": "amount",
            "c2Amount": "amount"
          },
          "inputMetadata": {
            "d1Account": {
              "label": "4/3 借方科目",
              "semanticType": "account"
            },
            "d1Ref": {
              "label": "4/3 借方元丁",
              "semanticType": "folio"
            },
            "d1Amount": {
              "label": "4/3 借方金額",
              "semanticType": "amount"
            },
            "c1Account": {
              "label": "4/3 貸方科目",
              "semanticType": "account"
            },
            "c1Ref": {
              "label": "4/3 貸方元丁",
              "semanticType": "folio"
            },
            "c1Amount": {
              "label": "4/3 貸方金額",
              "semanticType": "amount"
            },
            "d2Account": {
              "label": "4/8 借方科目",
              "semanticType": "account"
            },
            "d2Ref": {
              "label": "4/8 借方元丁",
              "semanticType": "folio"
            },
            "d2Amount": {
              "label": "4/8 借方金額",
              "semanticType": "amount"
            },
            "c2Account": {
              "label": "4/8 貸方科目",
              "semanticType": "account"
            },
            "c2Ref": {
              "label": "4/8 貸方元丁",
              "semanticType": "folio"
            },
            "c2Amount": {
              "label": "4/8 貸方金額",
              "semanticType": "amount"
            }
          },
          "controlTypes": {
            "d1Account": "text",
            "d1Ref": "numeric",
            "d1Amount": "numeric",
            "c1Account": "text",
            "c1Ref": "numeric",
            "c1Amount": "numeric",
            "d2Account": "text",
            "d2Ref": "numeric",
            "d2Amount": "numeric",
            "c2Account": "text",
            "c2Ref": "numeric",
            "c2Amount": "numeric"
          }
        }
      },
      "mutatedSource": {
        "question": "取引資料を仕訳帳へ記帳しなさい。元丁は現金101、売掛金113、売上401、通信費521とする。",
        "materials": [
          {
            "日付": "4/3",
            "取引": "商品90,000円を未対応決済"
          },
          {
            "日付": "4/8",
            "取引": "通信費12,000円を現金払い"
          }
        ],
        "table": {
          "columns": [
            "記入欄",
            "解答"
          ],
          "rows": [
            {
              "item": "4/3 借方科目",
              "amount": "入力"
            },
            {
              "item": "4/3 借方元丁",
              "amount": "入力"
            },
            {
              "item": "4/3 借方金額",
              "amount": "入力"
            },
            {
              "item": "4/3 貸方科目",
              "amount": "入力"
            },
            {
              "item": "4/3 貸方元丁",
              "amount": "入力"
            },
            {
              "item": "4/3 貸方金額",
              "amount": "入力"
            },
            {
              "item": "4/8 借方科目",
              "amount": "入力"
            },
            {
              "item": "4/8 借方元丁",
              "amount": "入力"
            },
            {
              "item": "4/8 借方金額",
              "amount": "入力"
            },
            {
              "item": "4/8 貸方科目",
              "amount": "入力"
            },
            {
              "item": "4/8 貸方元丁",
              "amount": "入力"
            },
            {
              "item": "4/8 貸方金額",
              "amount": "入力"
            }
          ],
          "inputCells": [
            "d1Account",
            "d1Ref",
            "d1Amount",
            "c1Account",
            "c1Ref",
            "c1Amount",
            "d2Account",
            "d2Ref",
            "d2Amount",
            "c2Account",
            "c2Ref",
            "c2Amount"
          ],
          "inputTypes": {
            "d1Account": "text",
            "d1Ref": "amount",
            "d1Amount": "amount",
            "c1Account": "text",
            "c1Ref": "amount",
            "c1Amount": "amount",
            "d2Account": "text",
            "d2Ref": "amount",
            "d2Amount": "amount",
            "c2Account": "text",
            "c2Ref": "amount",
            "c2Amount": "amount"
          },
          "inputMetadata": {
            "d1Account": {
              "label": "4/3 借方科目",
              "semanticType": "account"
            },
            "d1Ref": {
              "label": "4/3 借方元丁",
              "semanticType": "folio"
            },
            "d1Amount": {
              "label": "4/3 借方金額",
              "semanticType": "amount"
            },
            "c1Account": {
              "label": "4/3 貸方科目",
              "semanticType": "account"
            },
            "c1Ref": {
              "label": "4/3 貸方元丁",
              "semanticType": "folio"
            },
            "c1Amount": {
              "label": "4/3 貸方金額",
              "semanticType": "amount"
            },
            "d2Account": {
              "label": "4/8 借方科目",
              "semanticType": "account"
            },
            "d2Ref": {
              "label": "4/8 借方元丁",
              "semanticType": "folio"
            },
            "d2Amount": {
              "label": "4/8 借方金額",
              "semanticType": "amount"
            },
            "c2Account": {
              "label": "4/8 貸方科目",
              "semanticType": "account"
            },
            "c2Ref": {
              "label": "4/8 貸方元丁",
              "semanticType": "folio"
            },
            "c2Amount": {
              "label": "4/8 貸方金額",
              "semanticType": "amount"
            }
          },
          "controlTypes": {
            "d1Account": "text",
            "d1Ref": "numeric",
            "d1Amount": "numeric",
            "c1Account": "text",
            "c1Ref": "numeric",
            "c1Amount": "numeric",
            "d2Account": "text",
            "d2Ref": "numeric",
            "d2Amount": "numeric",
            "c2Account": "text",
            "c2Ref": "numeric",
            "c2Amount": "numeric"
          }
        }
      },
      "originalExpected": {
        "cells": {
          "d1Account": "売掛金",
          "d1Ref": 113,
          "d1Amount": 90000,
          "c1Account": "売上",
          "c1Ref": 401,
          "c1Amount": 90000,
          "d2Account": "通信費",
          "d2Ref": 521,
          "d2Amount": 12000,
          "c2Account": "現金",
          "c2Ref": 101,
          "c2Amount": 12000
        }
      },
      "mutatedExpected": null,
      "status": "UNKNOWN_SOURCE",
      "sourceValid": true,
      "pass": true
    },
    {
      "questionId": "C001",
      "mutationClass": "CONSISTENCY_BREAK",
      "originalSource": {
        "question": "決算整理前残高試算表と9項目の整理事項から、主要なP/L・B/S項目を完成しなさい。",
        "materials": [
          {
            "資料区分": "会計期間",
            "内容": "4月1日から翌年3月31日まで"
          },
          {
            "資料区分": "整理前残高試算表",
            "借方": "現金400,000、売掛金520,000、繰越商品300,000、仕入1,400,000、備品1,200,000、保険料120,000",
            "貸方": "減価償却累計額300,000、貸倒引当金6,000、買掛金280,000、資本金700,000、繰越利益剰余金254,000、売上2,400,000",
            "借方合計": 3940000,
            "貸方合計": 3940000
          },
          {
            "資料区分": "決算整理事項",
            "内容": "未処理の掛売上120,000円／未処理の掛仕入80,000円／期末商品360,000円／売掛金期末残高の2%を差額補充法で貸倒設定／備品の減価償却120,000円／10月1日に1年分を払った保険料の前払分を月割／未払給料45,000円／法人税等150,000円を未払計上／売上原価は仕入勘定で算定"
          }
        ],
        "table": {
          "columns": [
            "財務諸表の表示項目",
            "金額"
          ],
          "rows": [
            {
              "item": "売上高",
              "amount": "入力"
            },
            {
              "item": "売上原価",
              "amount": "入力"
            },
            {
              "item": "貸倒引当金繰入",
              "amount": "入力"
            },
            {
              "item": "減価償却費",
              "amount": "入力"
            },
            {
              "item": "保険料（当期分）",
              "amount": "入力"
            },
            {
              "item": "未払給料",
              "amount": "入力"
            },
            {
              "item": "法人税等",
              "amount": "入力"
            },
            {
              "item": "当期純利益",
              "amount": "入力"
            },
            {
              "item": "資産合計",
              "amount": "入力"
            },
            {
              "item": "負債・純資産合計",
              "amount": "入力"
            }
          ],
          "inputCells": [
            "sales",
            "cost",
            "allowanceExpense",
            "depreciation",
            "insurance",
            "accruedWages",
            "tax",
            "netIncome",
            "totalAssets",
            "totalEquityLiabilities"
          ],
          "inputMetadata": {
            "sales": {
              "label": "売上高の金額",
              "semanticType": "amount"
            },
            "cost": {
              "label": "売上原価の金額",
              "semanticType": "amount"
            },
            "allowanceExpense": {
              "label": "貸倒引当金繰入の金額",
              "semanticType": "amount"
            },
            "depreciation": {
              "label": "減価償却費の金額",
              "semanticType": "amount"
            },
            "insurance": {
              "label": "保険料（当期分）の金額",
              "semanticType": "amount"
            },
            "accruedWages": {
              "label": "未払給料の金額",
              "semanticType": "amount"
            },
            "tax": {
              "label": "法人税等の金額",
              "semanticType": "amount"
            },
            "netIncome": {
              "label": "当期純利益の金額",
              "semanticType": "amount"
            },
            "totalAssets": {
              "label": "資産合計の金額",
              "semanticType": "amount"
            },
            "totalEquityLiabilities": {
              "label": "負債・純資産合計の金額",
              "semanticType": "amount"
            }
          },
          "inputTypes": {
            "sales": "amount",
            "cost": "amount",
            "allowanceExpense": "amount",
            "depreciation": "amount",
            "insurance": "amount",
            "accruedWages": "amount",
            "tax": "amount",
            "netIncome": "amount",
            "totalAssets": "amount",
            "totalEquityLiabilities": "amount"
          },
          "controlTypes": {
            "sales": "numeric",
            "cost": "numeric",
            "allowanceExpense": "numeric",
            "depreciation": "numeric",
            "insurance": "numeric",
            "accruedWages": "numeric",
            "tax": "numeric",
            "netIncome": "numeric",
            "totalAssets": "numeric",
            "totalEquityLiabilities": "numeric"
          }
        }
      },
      "mutatedSource": {
        "question": "決算整理前残高試算表と9項目の整理事項から、主要なP/L・B/S項目を完成しなさい。",
        "materials": [
          {
            "資料区分": "会計期間",
            "内容": "4月1日から翌年3月31日まで"
          },
          {
            "資料区分": "整理前残高試算表",
            "借方": "現金400,000、売掛金520,000、繰越商品300,000、仕入1,400,000、備品1,200,000、保険料120,000",
            "貸方": "減価償却累計額300,000、貸倒引当金6,000、買掛金280,000、資本金700,000、繰越利益剰余金254,000、売上2,400,000",
            "借方合計": 3940137,
            "貸方合計": 3940000
          },
          {
            "資料区分": "決算整理事項",
            "内容": "未処理の掛売上120,000円／未処理の掛仕入80,000円／期末商品360,000円／売掛金期末残高の2%を差額補充法で貸倒設定／備品の減価償却120,000円／10月1日に1年分を払った保険料の前払分を月割／未払給料45,000円／法人税等150,000円を未払計上／売上原価は仕入勘定で算定"
          }
        ],
        "table": {
          "columns": [
            "財務諸表の表示項目",
            "金額"
          ],
          "rows": [
            {
              "item": "売上高",
              "amount": "入力"
            },
            {
              "item": "売上原価",
              "amount": "入力"
            },
            {
              "item": "貸倒引当金繰入",
              "amount": "入力"
            },
            {
              "item": "減価償却費",
              "amount": "入力"
            },
            {
              "item": "保険料（当期分）",
              "amount": "入力"
            },
            {
              "item": "未払給料",
              "amount": "入力"
            },
            {
              "item": "法人税等",
              "amount": "入力"
            },
            {
              "item": "当期純利益",
              "amount": "入力"
            },
            {
              "item": "資産合計",
              "amount": "入力"
            },
            {
              "item": "負債・純資産合計",
              "amount": "入力"
            }
          ],
          "inputCells": [
            "sales",
            "cost",
            "allowanceExpense",
            "depreciation",
            "insurance",
            "accruedWages",
            "tax",
            "netIncome",
            "totalAssets",
            "totalEquityLiabilities"
          ],
          "inputMetadata": {
            "sales": {
              "label": "売上高の金額",
              "semanticType": "amount"
            },
            "cost": {
              "label": "売上原価の金額",
              "semanticType": "amount"
            },
            "allowanceExpense": {
              "label": "貸倒引当金繰入の金額",
              "semanticType": "amount"
            },
            "depreciation": {
              "label": "減価償却費の金額",
              "semanticType": "amount"
            },
            "insurance": {
              "label": "保険料（当期分）の金額",
              "semanticType": "amount"
            },
            "accruedWages": {
              "label": "未払給料の金額",
              "semanticType": "amount"
            },
            "tax": {
              "label": "法人税等の金額",
              "semanticType": "amount"
            },
            "netIncome": {
              "label": "当期純利益の金額",
              "semanticType": "amount"
            },
            "totalAssets": {
              "label": "資産合計の金額",
              "semanticType": "amount"
            },
            "totalEquityLiabilities": {
              "label": "負債・純資産合計の金額",
              "semanticType": "amount"
            }
          },
          "inputTypes": {
            "sales": "amount",
            "cost": "amount",
            "allowanceExpense": "amount",
            "depreciation": "amount",
            "insurance": "amount",
            "accruedWages": "amount",
            "tax": "amount",
            "netIncome": "amount",
            "totalAssets": "amount",
            "totalEquityLiabilities": "amount"
          },
          "controlTypes": {
            "sales": "numeric",
            "cost": "numeric",
            "allowanceExpense": "numeric",
            "depreciation": "numeric",
            "insurance": "numeric",
            "accruedWages": "numeric",
            "tax": "numeric",
            "netIncome": "numeric",
            "totalAssets": "numeric",
            "totalEquityLiabilities": "numeric"
          }
        }
      },
      "originalExpected": {
        "cells": {
          "sales": 2520000,
          "cost": 1420000,
          "allowanceExpense": 6800,
          "depreciation": 120000,
          "insurance": 60000,
          "accruedWages": 45000,
          "tax": 150000,
          "netIncome": 718200,
          "totalAssets": 2227200,
          "totalEquityLiabilities": 2227200
        }
      },
      "mutatedExpected": {
        "cells": {
          "sales": 2520000,
          "cost": 1420000,
          "allowanceExpense": 6800,
          "depreciation": 120000,
          "insurance": 60000,
          "accruedWages": 45000,
          "tax": 150000,
          "netIncome": 718200,
          "totalAssets": 2227200,
          "totalEquityLiabilities": 2227200
        }
      },
      "status": "INVALID_SOURCE",
      "sourceValid": false,
      "pass": true
    },
    {
      "questionId": "J001",
      "mutationClass": "DYNAMIC_SOURCE",
      "path": "question",
      "status": "DERIVED",
      "sourceValid": true,
      "pass": true
    },
    {
      "questionId": "J002",
      "mutationClass": "DYNAMIC_SOURCE",
      "path": "question",
      "status": "DERIVED",
      "sourceValid": true,
      "pass": true
    },
    {
      "questionId": "J003",
      "mutationClass": "DYNAMIC_SOURCE",
      "path": "question",
      "status": "DERIVED",
      "sourceValid": true,
      "pass": true
    },
    {
      "questionId": "J004",
      "mutationClass": "DYNAMIC_SOURCE",
      "path": "question",
      "status": "DERIVED",
      "sourceValid": true,
      "pass": true
    },
    {
      "questionId": "J005",
      "mutationClass": "DYNAMIC_SOURCE",
      "path": "question",
      "status": "DERIVED",
      "sourceValid": true,
      "pass": true
    },
    {
      "questionId": "J006",
      "mutationClass": "DYNAMIC_SOURCE",
      "path": "question",
      "status": "DERIVED",
      "sourceValid": true,
      "pass": true
    },
    {
      "questionId": "J007",
      "mutationClass": "DYNAMIC_SOURCE",
      "path": "question",
      "status": "DERIVED",
      "sourceValid": true,
      "pass": true
    },
    {
      "questionId": "J008",
      "mutationClass": "DYNAMIC_SOURCE",
      "path": "question",
      "status": "DERIVED",
      "sourceValid": true,
      "pass": true
    },
    {
      "questionId": "J009",
      "mutationClass": "DYNAMIC_SOURCE",
      "path": "question",
      "status": "DERIVED",
      "sourceValid": true,
      "pass": true
    },
    {
      "questionId": "J010",
      "mutationClass": "DYNAMIC_SOURCE",
      "path": "question",
      "status": "DERIVED",
      "sourceValid": true,
      "pass": true
    },
    {
      "questionId": "J011",
      "mutationClass": "DYNAMIC_SOURCE",
      "path": "question",
      "status": "DERIVED",
      "sourceValid": true,
      "pass": true
    },
    {
      "questionId": "J012",
      "mutationClass": "DYNAMIC_SOURCE",
      "path": "question",
      "status": "DERIVED",
      "sourceValid": true,
      "pass": true
    },
    {
      "questionId": "J013",
      "mutationClass": "DYNAMIC_SOURCE",
      "path": "question",
      "status": "DERIVED",
      "sourceValid": true,
      "pass": true
    },
    {
      "questionId": "J014",
      "mutationClass": "DYNAMIC_SOURCE",
      "path": "question",
      "status": "DERIVED",
      "sourceValid": true,
      "pass": true
    },
    {
      "questionId": "J015",
      "mutationClass": "DYNAMIC_SOURCE",
      "path": "question",
      "status": "DERIVED",
      "sourceValid": true,
      "pass": true
    },
    {
      "questionId": "J016",
      "mutationClass": "DYNAMIC_SOURCE",
      "path": "question",
      "status": "DERIVED",
      "sourceValid": true,
      "pass": true
    },
    {
      "questionId": "J017",
      "mutationClass": "DYNAMIC_SOURCE",
      "path": "question",
      "status": "DERIVED",
      "sourceValid": true,
      "pass": true
    },
    {
      "questionId": "J018",
      "mutationClass": "DYNAMIC_SOURCE",
      "path": "question",
      "status": "DERIVED",
      "sourceValid": true,
      "pass": true
    },
    {
      "questionId": "J019",
      "mutationClass": "DYNAMIC_SOURCE",
      "path": "question",
      "status": "DERIVED",
      "sourceValid": true,
      "pass": true
    },
    {
      "questionId": "J020",
      "mutationClass": "DYNAMIC_SOURCE",
      "path": "question",
      "status": "DERIVED",
      "sourceValid": true,
      "pass": true
    },
    {
      "questionId": "J021",
      "mutationClass": "DYNAMIC_SOURCE",
      "path": "question",
      "status": "DERIVED",
      "sourceValid": true,
      "pass": true
    },
    {
      "questionId": "J022",
      "mutationClass": "DYNAMIC_SOURCE",
      "path": "question",
      "status": "DERIVED",
      "sourceValid": true,
      "pass": true
    },
    {
      "questionId": "J023",
      "mutationClass": "DYNAMIC_SOURCE",
      "path": "question",
      "status": "DERIVED",
      "sourceValid": true,
      "pass": true
    },
    {
      "questionId": "J024",
      "mutationClass": "DYNAMIC_SOURCE",
      "path": "question",
      "status": "DERIVED",
      "sourceValid": true,
      "pass": true
    },
    {
      "questionId": "J025",
      "mutationClass": "DYNAMIC_SOURCE",
      "path": "question",
      "status": "DERIVED",
      "sourceValid": true,
      "pass": true
    },
    {
      "questionId": "J026",
      "mutationClass": "DYNAMIC_SOURCE",
      "path": "question",
      "status": "DERIVED",
      "sourceValid": true,
      "pass": true
    },
    {
      "questionId": "J027",
      "mutationClass": "DYNAMIC_SOURCE",
      "path": "question",
      "status": "DERIVED",
      "sourceValid": true,
      "pass": true
    },
    {
      "questionId": "J028",
      "mutationClass": "DYNAMIC_SOURCE",
      "path": "question",
      "status": "DERIVED",
      "sourceValid": true,
      "pass": true
    },
    {
      "questionId": "J029",
      "mutationClass": "DYNAMIC_SOURCE",
      "path": "question",
      "status": "DERIVED",
      "sourceValid": true,
      "pass": true
    },
    {
      "questionId": "J030",
      "mutationClass": "DYNAMIC_SOURCE",
      "path": "question",
      "status": "DERIVED",
      "sourceValid": true,
      "pass": true
    },
    {
      "questionId": "J031",
      "mutationClass": "DYNAMIC_SOURCE",
      "path": "question",
      "status": "DERIVED",
      "sourceValid": true,
      "pass": true
    },
    {
      "questionId": "J032",
      "mutationClass": "DYNAMIC_SOURCE",
      "path": "question",
      "status": "DERIVED",
      "sourceValid": true,
      "pass": true
    },
    {
      "questionId": "J033",
      "mutationClass": "DYNAMIC_SOURCE",
      "path": "question",
      "status": "DERIVED",
      "sourceValid": true,
      "pass": true
    },
    {
      "questionId": "J034",
      "mutationClass": "DYNAMIC_SOURCE",
      "path": "question",
      "status": "DERIVED",
      "sourceValid": true,
      "pass": true
    },
    {
      "questionId": "J035",
      "mutationClass": "DYNAMIC_SOURCE",
      "path": "question",
      "status": "DERIVED",
      "sourceValid": true,
      "pass": true
    },
    {
      "questionId": "J036",
      "mutationClass": "DYNAMIC_SOURCE",
      "path": "question",
      "status": "DERIVED",
      "sourceValid": true,
      "pass": true
    },
    {
      "questionId": "J037",
      "mutationClass": "DYNAMIC_SOURCE",
      "path": "question",
      "status": "DERIVED",
      "sourceValid": true,
      "pass": true
    },
    {
      "questionId": "J038",
      "mutationClass": "DYNAMIC_SOURCE",
      "path": "question",
      "status": "DERIVED",
      "sourceValid": true,
      "pass": true
    },
    {
      "questionId": "J039",
      "mutationClass": "DYNAMIC_SOURCE",
      "path": "question",
      "status": "DERIVED",
      "sourceValid": true,
      "pass": true
    },
    {
      "questionId": "J040",
      "mutationClass": "DYNAMIC_SOURCE",
      "path": "question",
      "status": "DERIVED",
      "sourceValid": true,
      "pass": true
    },
    {
      "questionId": "J041",
      "mutationClass": "DYNAMIC_SOURCE",
      "path": "question",
      "status": "DERIVED",
      "sourceValid": true,
      "pass": true
    },
    {
      "questionId": "J042",
      "mutationClass": "DYNAMIC_SOURCE",
      "path": "question",
      "status": "DERIVED",
      "sourceValid": true,
      "pass": true
    },
    {
      "questionId": "J043",
      "mutationClass": "DYNAMIC_SOURCE",
      "path": "question",
      "status": "DERIVED",
      "sourceValid": true,
      "pass": true
    },
    {
      "questionId": "J044",
      "mutationClass": "DYNAMIC_SOURCE",
      "path": "question",
      "status": "DERIVED",
      "sourceValid": true,
      "pass": true
    },
    {
      "questionId": "J045",
      "mutationClass": "DYNAMIC_SOURCE",
      "path": "question",
      "status": "DERIVED",
      "sourceValid": true,
      "pass": true
    },
    {
      "questionId": "J046",
      "mutationClass": "DYNAMIC_SOURCE",
      "path": "question",
      "status": "DERIVED",
      "sourceValid": true,
      "pass": true
    },
    {
      "questionId": "J047",
      "mutationClass": "DYNAMIC_SOURCE",
      "path": "question",
      "status": "DERIVED",
      "sourceValid": true,
      "pass": true
    },
    {
      "questionId": "J048",
      "mutationClass": "DYNAMIC_SOURCE",
      "path": "question",
      "status": "DERIVED",
      "sourceValid": true,
      "pass": true
    },
    {
      "questionId": "J049",
      "mutationClass": "DYNAMIC_SOURCE",
      "path": "question",
      "status": "DERIVED",
      "sourceValid": true,
      "pass": true
    },
    {
      "questionId": "J050",
      "mutationClass": "DYNAMIC_SOURCE",
      "path": "question",
      "status": "DERIVED",
      "sourceValid": true,
      "pass": true
    },
    {
      "questionId": "J051",
      "mutationClass": "DYNAMIC_SOURCE",
      "path": "question",
      "status": "DERIVED",
      "sourceValid": true,
      "pass": true
    },
    {
      "questionId": "J052",
      "mutationClass": "DYNAMIC_SOURCE",
      "path": "question",
      "status": "DERIVED",
      "sourceValid": true,
      "pass": true
    },
    {
      "questionId": "J053",
      "mutationClass": "DYNAMIC_SOURCE",
      "path": "question",
      "status": "DERIVED",
      "sourceValid": true,
      "pass": true
    },
    {
      "questionId": "J054",
      "mutationClass": "DYNAMIC_SOURCE",
      "path": "question",
      "status": "DERIVED",
      "sourceValid": true,
      "pass": true
    },
    {
      "questionId": "J055",
      "mutationClass": "DYNAMIC_SOURCE",
      "path": "question",
      "status": "DERIVED",
      "sourceValid": true,
      "pass": true
    },
    {
      "questionId": "J056",
      "mutationClass": "DYNAMIC_SOURCE",
      "path": "question",
      "status": "DERIVED",
      "sourceValid": true,
      "pass": true
    },
    {
      "questionId": "J057",
      "mutationClass": "DYNAMIC_SOURCE",
      "path": "question",
      "status": "DERIVED",
      "sourceValid": true,
      "pass": true
    },
    {
      "questionId": "J058",
      "mutationClass": "DYNAMIC_SOURCE",
      "path": "question",
      "status": "DERIVED",
      "sourceValid": true,
      "pass": true
    },
    {
      "questionId": "J059",
      "mutationClass": "DYNAMIC_SOURCE",
      "path": "question",
      "status": "DERIVED",
      "sourceValid": true,
      "pass": true
    },
    {
      "questionId": "J060",
      "mutationClass": "DYNAMIC_SOURCE",
      "path": "question",
      "status": "DERIVED",
      "sourceValid": true,
      "pass": true
    },
    {
      "questionId": "J061",
      "mutationClass": "DYNAMIC_SOURCE",
      "path": "question",
      "status": "DERIVED",
      "sourceValid": true,
      "pass": true
    },
    {
      "questionId": "J062",
      "mutationClass": "DYNAMIC_SOURCE",
      "path": "question",
      "status": "DERIVED",
      "sourceValid": true,
      "pass": true
    },
    {
      "questionId": "J063",
      "mutationClass": "DYNAMIC_SOURCE",
      "path": "question",
      "status": "DERIVED",
      "sourceValid": true,
      "pass": true
    },
    {
      "questionId": "J064",
      "mutationClass": "DYNAMIC_SOURCE",
      "path": "question",
      "status": "DERIVED",
      "sourceValid": true,
      "pass": true
    },
    {
      "questionId": "J065",
      "mutationClass": "DYNAMIC_SOURCE",
      "path": "question",
      "status": "DERIVED",
      "sourceValid": true,
      "pass": true
    },
    {
      "questionId": "J066",
      "mutationClass": "DYNAMIC_SOURCE",
      "path": "question",
      "status": "DERIVED",
      "sourceValid": true,
      "pass": true
    },
    {
      "questionId": "J067",
      "mutationClass": "DYNAMIC_SOURCE",
      "path": "question",
      "status": "DERIVED",
      "sourceValid": true,
      "pass": true
    },
    {
      "questionId": "J068",
      "mutationClass": "DYNAMIC_SOURCE",
      "path": "question",
      "status": "DERIVED",
      "sourceValid": true,
      "pass": true
    },
    {
      "questionId": "J069",
      "mutationClass": "DYNAMIC_SOURCE",
      "path": "question",
      "status": "DERIVED",
      "sourceValid": true,
      "pass": true
    },
    {
      "questionId": "J070",
      "mutationClass": "DYNAMIC_SOURCE",
      "path": "question",
      "status": "DERIVED",
      "sourceValid": true,
      "pass": true
    },
    {
      "questionId": "J071",
      "mutationClass": "DYNAMIC_SOURCE",
      "path": "question",
      "status": "DERIVED",
      "sourceValid": true,
      "pass": true
    },
    {
      "questionId": "J072",
      "mutationClass": "DYNAMIC_SOURCE",
      "path": "question",
      "status": "DERIVED",
      "sourceValid": true,
      "pass": true
    },
    {
      "questionId": "J073",
      "mutationClass": "DYNAMIC_SOURCE",
      "path": "question",
      "status": "DERIVED",
      "sourceValid": true,
      "pass": true
    },
    {
      "questionId": "J074",
      "mutationClass": "DYNAMIC_SOURCE",
      "path": "question",
      "status": "DERIVED",
      "sourceValid": true,
      "pass": true
    },
    {
      "questionId": "J075",
      "mutationClass": "DYNAMIC_SOURCE",
      "path": "question",
      "status": "DERIVED",
      "sourceValid": true,
      "pass": true
    },
    {
      "questionId": "J076",
      "mutationClass": "DYNAMIC_SOURCE",
      "path": "question",
      "status": "DERIVED",
      "sourceValid": true,
      "pass": true
    },
    {
      "questionId": "J077",
      "mutationClass": "DYNAMIC_SOURCE",
      "path": "question",
      "status": "DERIVED",
      "sourceValid": true,
      "pass": true
    },
    {
      "questionId": "J078",
      "mutationClass": "DYNAMIC_SOURCE",
      "path": "question",
      "status": "DERIVED",
      "sourceValid": true,
      "pass": true
    },
    {
      "questionId": "J079",
      "mutationClass": "DYNAMIC_SOURCE",
      "path": "question",
      "status": "DERIVED",
      "sourceValid": true,
      "pass": true
    },
    {
      "questionId": "J080",
      "mutationClass": "DYNAMIC_SOURCE",
      "path": "question",
      "status": "DERIVED",
      "sourceValid": true,
      "pass": true
    },
    {
      "questionId": "J081",
      "mutationClass": "DYNAMIC_SOURCE",
      "path": "question",
      "status": "DERIVED",
      "sourceValid": true,
      "pass": true
    },
    {
      "questionId": "J082",
      "mutationClass": "DYNAMIC_SOURCE",
      "path": "question",
      "status": "DERIVED",
      "sourceValid": true,
      "pass": true
    },
    {
      "questionId": "J083",
      "mutationClass": "DYNAMIC_SOURCE",
      "path": "question",
      "status": "DERIVED",
      "sourceValid": true,
      "pass": true
    },
    {
      "questionId": "J084",
      "mutationClass": "DYNAMIC_SOURCE",
      "path": "question",
      "status": "DERIVED",
      "sourceValid": true,
      "pass": true
    },
    {
      "questionId": "J085",
      "mutationClass": "DYNAMIC_SOURCE",
      "path": "question",
      "status": "DERIVED",
      "sourceValid": true,
      "pass": true
    },
    {
      "questionId": "J086",
      "mutationClass": "DYNAMIC_SOURCE",
      "path": "question",
      "status": "DERIVED",
      "sourceValid": true,
      "pass": true
    },
    {
      "questionId": "J087",
      "mutationClass": "DYNAMIC_SOURCE",
      "path": "question",
      "status": "DERIVED",
      "sourceValid": true,
      "pass": true
    },
    {
      "questionId": "J088",
      "mutationClass": "DYNAMIC_SOURCE",
      "path": "question",
      "status": "DERIVED",
      "sourceValid": true,
      "pass": true
    },
    {
      "questionId": "J089",
      "mutationClass": "DYNAMIC_SOURCE",
      "path": "question",
      "status": "DERIVED",
      "sourceValid": true,
      "pass": true
    },
    {
      "questionId": "J090",
      "mutationClass": "DYNAMIC_SOURCE",
      "path": "question",
      "status": "DERIVED",
      "sourceValid": true,
      "pass": true
    },
    {
      "questionId": "J091",
      "mutationClass": "DYNAMIC_SOURCE",
      "path": "question",
      "status": "DERIVED",
      "sourceValid": true,
      "pass": true
    },
    {
      "questionId": "J092",
      "mutationClass": "DYNAMIC_SOURCE",
      "path": "question",
      "status": "DERIVED",
      "sourceValid": true,
      "pass": true
    },
    {
      "questionId": "J093",
      "mutationClass": "DYNAMIC_SOURCE",
      "path": "question",
      "status": "DERIVED",
      "sourceValid": true,
      "pass": true
    },
    {
      "questionId": "J094",
      "mutationClass": "DYNAMIC_SOURCE",
      "path": "question",
      "status": "DERIVED",
      "sourceValid": true,
      "pass": true
    },
    {
      "questionId": "J095",
      "mutationClass": "DYNAMIC_SOURCE",
      "path": "question",
      "status": "DERIVED",
      "sourceValid": true,
      "pass": true
    },
    {
      "questionId": "J096",
      "mutationClass": "DYNAMIC_SOURCE",
      "path": "question",
      "status": "DERIVED",
      "sourceValid": true,
      "pass": true
    },
    {
      "questionId": "J097",
      "mutationClass": "DYNAMIC_SOURCE",
      "path": "question",
      "status": "DERIVED",
      "sourceValid": true,
      "pass": true
    },
    {
      "questionId": "J098",
      "mutationClass": "DYNAMIC_SOURCE",
      "path": "question",
      "status": "DERIVED",
      "sourceValid": true,
      "pass": true
    },
    {
      "questionId": "J099",
      "mutationClass": "DYNAMIC_SOURCE",
      "path": "question",
      "status": "DERIVED",
      "sourceValid": true,
      "pass": true
    },
    {
      "questionId": "J100",
      "mutationClass": "DYNAMIC_SOURCE",
      "path": "question",
      "status": "DERIVED",
      "sourceValid": true,
      "pass": true
    },
    {
      "questionId": "J101",
      "mutationClass": "DYNAMIC_SOURCE",
      "path": "question",
      "status": "DERIVED",
      "sourceValid": true,
      "pass": true
    },
    {
      "questionId": "J102",
      "mutationClass": "DYNAMIC_SOURCE",
      "path": "question",
      "status": "DERIVED",
      "sourceValid": true,
      "pass": true
    },
    {
      "questionId": "J103",
      "mutationClass": "DYNAMIC_SOURCE",
      "path": "question",
      "status": "DERIVED",
      "sourceValid": true,
      "pass": true
    },
    {
      "questionId": "J104",
      "mutationClass": "DYNAMIC_SOURCE",
      "path": "question",
      "status": "DERIVED",
      "sourceValid": true,
      "pass": true
    },
    {
      "questionId": "J105",
      "mutationClass": "DYNAMIC_SOURCE",
      "path": "question",
      "status": "DERIVED",
      "sourceValid": true,
      "pass": true
    },
    {
      "questionId": "J106",
      "mutationClass": "DYNAMIC_SOURCE",
      "path": "question",
      "status": "DERIVED",
      "sourceValid": true,
      "pass": true
    },
    {
      "questionId": "J107",
      "mutationClass": "DYNAMIC_SOURCE",
      "path": "question",
      "status": "DERIVED",
      "sourceValid": true,
      "pass": true
    },
    {
      "questionId": "J108",
      "mutationClass": "DYNAMIC_SOURCE",
      "path": "question",
      "status": "DERIVED",
      "sourceValid": true,
      "pass": true
    },
    {
      "questionId": "J109",
      "mutationClass": "DYNAMIC_SOURCE",
      "path": "question",
      "status": "DERIVED",
      "sourceValid": true,
      "pass": true
    },
    {
      "questionId": "J110",
      "mutationClass": "DYNAMIC_SOURCE",
      "path": "question",
      "status": "DERIVED",
      "sourceValid": true,
      "pass": true
    },
    {
      "questionId": "J111",
      "mutationClass": "DYNAMIC_SOURCE",
      "path": "question",
      "status": "DERIVED",
      "sourceValid": true,
      "pass": true
    },
    {
      "questionId": "J112",
      "mutationClass": "DYNAMIC_SOURCE",
      "path": "question",
      "status": "DERIVED",
      "sourceValid": true,
      "pass": true
    },
    {
      "questionId": "J113",
      "mutationClass": "DYNAMIC_SOURCE",
      "path": "question",
      "status": "DERIVED",
      "sourceValid": true,
      "pass": true
    },
    {
      "questionId": "J114",
      "mutationClass": "DYNAMIC_SOURCE",
      "path": "question",
      "status": "DERIVED",
      "sourceValid": true,
      "pass": true
    },
    {
      "questionId": "J115",
      "mutationClass": "DYNAMIC_SOURCE",
      "path": "question",
      "status": "DERIVED",
      "sourceValid": true,
      "pass": true
    },
    {
      "questionId": "J116",
      "mutationClass": "DYNAMIC_SOURCE",
      "path": "question",
      "status": "DERIVED",
      "sourceValid": true,
      "pass": true
    },
    {
      "questionId": "J117",
      "mutationClass": "DYNAMIC_SOURCE",
      "path": "question",
      "status": "DERIVED",
      "sourceValid": true,
      "pass": true
    },
    {
      "questionId": "J118",
      "mutationClass": "DYNAMIC_SOURCE",
      "path": "question",
      "status": "DERIVED",
      "sourceValid": true,
      "pass": true
    },
    {
      "questionId": "J119",
      "mutationClass": "DYNAMIC_SOURCE",
      "path": "question",
      "status": "DERIVED",
      "sourceValid": true,
      "pass": true
    },
    {
      "questionId": "J120",
      "mutationClass": "DYNAMIC_SOURCE",
      "path": "question",
      "status": "DERIVED",
      "sourceValid": true,
      "pass": true
    },
    {
      "questionId": "J121",
      "mutationClass": "DYNAMIC_SOURCE",
      "path": "question",
      "status": "DERIVED",
      "sourceValid": true,
      "pass": true
    },
    {
      "questionId": "J122",
      "mutationClass": "DYNAMIC_SOURCE",
      "path": "question",
      "status": "DERIVED",
      "sourceValid": true,
      "pass": true
    },
    {
      "questionId": "J123",
      "mutationClass": "DYNAMIC_SOURCE",
      "path": "question",
      "status": "DERIVED",
      "sourceValid": true,
      "pass": true
    },
    {
      "questionId": "J124",
      "mutationClass": "DYNAMIC_SOURCE",
      "path": "question",
      "status": "DERIVED",
      "sourceValid": true,
      "pass": true
    },
    {
      "questionId": "J125",
      "mutationClass": "DYNAMIC_SOURCE",
      "path": "question",
      "status": "DERIVED",
      "sourceValid": true,
      "pass": true
    },
    {
      "questionId": "J126",
      "mutationClass": "DYNAMIC_SOURCE",
      "path": "question",
      "status": "DERIVED",
      "sourceValid": true,
      "pass": true
    },
    {
      "questionId": "J127",
      "mutationClass": "DYNAMIC_SOURCE",
      "path": "question",
      "status": "DERIVED",
      "sourceValid": true,
      "pass": true
    },
    {
      "questionId": "J128",
      "mutationClass": "DYNAMIC_SOURCE",
      "path": "question",
      "status": "DERIVED",
      "sourceValid": true,
      "pass": true
    },
    {
      "questionId": "J129",
      "mutationClass": "DYNAMIC_SOURCE",
      "path": "question",
      "status": "DERIVED",
      "sourceValid": true,
      "pass": true
    },
    {
      "questionId": "J130",
      "mutationClass": "DYNAMIC_SOURCE",
      "path": "question",
      "status": "DERIVED",
      "sourceValid": true,
      "pass": true
    },
    {
      "questionId": "J131",
      "mutationClass": "DYNAMIC_SOURCE",
      "path": "question",
      "status": "DERIVED",
      "sourceValid": true,
      "pass": true
    },
    {
      "questionId": "J132",
      "mutationClass": "DYNAMIC_SOURCE",
      "path": "question",
      "status": "DERIVED",
      "sourceValid": true,
      "pass": true
    },
    {
      "questionId": "J133",
      "mutationClass": "DYNAMIC_SOURCE",
      "path": "question",
      "status": "DERIVED",
      "sourceValid": true,
      "pass": true
    },
    {
      "questionId": "J134",
      "mutationClass": "DYNAMIC_SOURCE",
      "path": "question",
      "status": "DERIVED",
      "sourceValid": true,
      "pass": true
    },
    {
      "questionId": "J135",
      "mutationClass": "DYNAMIC_SOURCE",
      "path": "question",
      "status": "DERIVED",
      "sourceValid": true,
      "pass": true
    },
    {
      "questionId": "J136",
      "mutationClass": "DYNAMIC_SOURCE",
      "path": "question",
      "status": "DERIVED",
      "sourceValid": true,
      "pass": true
    },
    {
      "questionId": "J137",
      "mutationClass": "DYNAMIC_SOURCE",
      "path": "question",
      "status": "DERIVED",
      "sourceValid": true,
      "pass": true
    },
    {
      "questionId": "J138",
      "mutationClass": "DYNAMIC_SOURCE",
      "path": "question",
      "status": "DERIVED",
      "sourceValid": true,
      "pass": true
    },
    {
      "questionId": "J139",
      "mutationClass": "DYNAMIC_SOURCE",
      "path": "question",
      "status": "DERIVED",
      "sourceValid": true,
      "pass": true
    },
    {
      "questionId": "J140",
      "mutationClass": "DYNAMIC_SOURCE",
      "path": "question",
      "status": "DERIVED",
      "sourceValid": true,
      "pass": true
    },
    {
      "questionId": "J141",
      "mutationClass": "DYNAMIC_SOURCE",
      "path": "question",
      "status": "DERIVED",
      "sourceValid": true,
      "pass": true
    },
    {
      "questionId": "J142",
      "mutationClass": "DYNAMIC_SOURCE",
      "path": "question",
      "status": "DERIVED",
      "sourceValid": true,
      "pass": true
    },
    {
      "questionId": "J143",
      "mutationClass": "DYNAMIC_SOURCE",
      "path": "question",
      "status": "DERIVED",
      "sourceValid": true,
      "pass": true
    },
    {
      "questionId": "J144",
      "mutationClass": "DYNAMIC_SOURCE",
      "path": "question",
      "status": "DERIVED",
      "sourceValid": true,
      "pass": true
    },
    {
      "questionId": "J145",
      "mutationClass": "DYNAMIC_SOURCE",
      "path": "question",
      "status": "DERIVED",
      "sourceValid": true,
      "pass": true
    },
    {
      "questionId": "J146",
      "mutationClass": "DYNAMIC_SOURCE",
      "path": "question",
      "status": "DERIVED",
      "sourceValid": true,
      "pass": true
    },
    {
      "questionId": "J147",
      "mutationClass": "DYNAMIC_SOURCE",
      "path": "question",
      "status": "DERIVED",
      "sourceValid": true,
      "pass": true
    },
    {
      "questionId": "J148",
      "mutationClass": "DYNAMIC_SOURCE",
      "path": "question",
      "status": "DERIVED",
      "sourceValid": true,
      "pass": true
    },
    {
      "questionId": "J149",
      "mutationClass": "DYNAMIC_SOURCE",
      "path": "question",
      "status": "DERIVED",
      "sourceValid": true,
      "pass": true
    },
    {
      "questionId": "J150",
      "mutationClass": "DYNAMIC_SOURCE",
      "path": "question",
      "status": "DERIVED",
      "sourceValid": true,
      "pass": true
    },
    {
      "questionId": "L001",
      "mutationClass": "DYNAMIC_SOURCE",
      "path": "table.rows.0.balance",
      "status": "DERIVED",
      "sourceValid": true,
      "pass": true
    },
    {
      "questionId": "L002",
      "mutationClass": "DYNAMIC_SOURCE",
      "path": "table.rows.0.balance",
      "status": "DERIVED",
      "sourceValid": true,
      "pass": true
    },
    {
      "questionId": "L003",
      "mutationClass": "DYNAMIC_SOURCE",
      "path": "table.rows.0.balance",
      "status": "DERIVED",
      "sourceValid": true,
      "pass": true
    },
    {
      "questionId": "L004",
      "mutationClass": "DYNAMIC_SOURCE",
      "path": "table.rows.0.quantity",
      "status": "DERIVED",
      "sourceValid": true,
      "pass": true
    },
    {
      "questionId": "L005",
      "mutationClass": "DYNAMIC_SOURCE",
      "path": "table.rows.0.acquisitionCost",
      "status": "DERIVED",
      "sourceValid": true,
      "pass": true
    },
    {
      "questionId": "L006",
      "mutationClass": "DYNAMIC_SOURCE",
      "path": "table.rows.0.balance",
      "status": "DERIVED",
      "sourceValid": true,
      "pass": true
    },
    {
      "questionId": "L007",
      "mutationClass": "DYNAMIC_SOURCE",
      "path": "table.rows.0.balance",
      "status": "DERIVED",
      "sourceValid": true,
      "pass": true
    },
    {
      "questionId": "L008",
      "mutationClass": "DYNAMIC_SOURCE",
      "path": "table.rows.0.balance",
      "status": "DERIVED",
      "sourceValid": true,
      "pass": true
    },
    {
      "questionId": "L009",
      "mutationClass": "DYNAMIC_SOURCE",
      "path": "table.rows.0.quantity",
      "status": "DERIVED",
      "sourceValid": true,
      "pass": true
    },
    {
      "questionId": "L010",
      "mutationClass": "DYNAMIC_SOURCE",
      "path": "table.rows.0.acquisitionCost",
      "status": "DERIVED",
      "sourceValid": true,
      "pass": true
    },
    {
      "questionId": "L011",
      "mutationClass": "DYNAMIC_SOURCE",
      "path": "table.rows.0.balance",
      "status": "DERIVED",
      "sourceValid": true,
      "pass": true
    },
    {
      "questionId": "L012",
      "mutationClass": "DYNAMIC_SOURCE",
      "path": "table.rows.0.balance",
      "status": "DERIVED",
      "sourceValid": true,
      "pass": true
    },
    {
      "questionId": "L013",
      "mutationClass": "DYNAMIC_SOURCE",
      "path": "table.rows.0.balance",
      "status": "DERIVED",
      "sourceValid": true,
      "pass": true
    },
    {
      "questionId": "L014",
      "mutationClass": "DYNAMIC_SOURCE",
      "path": "table.rows.0.quantity",
      "status": "DERIVED",
      "sourceValid": true,
      "pass": true
    },
    {
      "questionId": "L015",
      "mutationClass": "DYNAMIC_SOURCE",
      "path": "table.rows.0.acquisitionCost",
      "status": "DERIVED",
      "sourceValid": true,
      "pass": true
    },
    {
      "questionId": "L016",
      "mutationClass": "DYNAMIC_SOURCE",
      "path": "table.rows.0.balance",
      "status": "DERIVED",
      "sourceValid": true,
      "pass": true
    },
    {
      "questionId": "L017",
      "mutationClass": "DYNAMIC_SOURCE",
      "path": "table.rows.0.balance",
      "status": "DERIVED",
      "sourceValid": true,
      "pass": true
    },
    {
      "questionId": "L018",
      "mutationClass": "DYNAMIC_SOURCE",
      "path": "table.rows.0.balance",
      "status": "DERIVED",
      "sourceValid": true,
      "pass": true
    },
    {
      "questionId": "L019",
      "mutationClass": "DYNAMIC_SOURCE",
      "path": "table.rows.0.quantity",
      "status": "DERIVED",
      "sourceValid": true,
      "pass": true
    },
    {
      "questionId": "L020",
      "mutationClass": "DYNAMIC_SOURCE",
      "path": "table.rows.0.acquisitionCost",
      "status": "DERIVED",
      "sourceValid": true,
      "pass": true
    },
    {
      "questionId": "L021",
      "mutationClass": "DYNAMIC_SOURCE",
      "path": "table.rows.0.balance",
      "status": "DERIVED",
      "sourceValid": true,
      "pass": true
    },
    {
      "questionId": "L022",
      "mutationClass": "DYNAMIC_SOURCE",
      "path": "table.rows.0.balance",
      "status": "DERIVED",
      "sourceValid": true,
      "pass": true
    },
    {
      "questionId": "L023",
      "mutationClass": "DYNAMIC_SOURCE",
      "path": "table.rows.0.balance",
      "status": "DERIVED",
      "sourceValid": true,
      "pass": true
    },
    {
      "questionId": "L024",
      "mutationClass": "DYNAMIC_SOURCE",
      "path": "table.rows.0.quantity",
      "status": "DERIVED",
      "sourceValid": true,
      "pass": true
    },
    {
      "questionId": "L025",
      "mutationClass": "DYNAMIC_SOURCE",
      "path": "table.rows.0.acquisitionCost",
      "status": "DERIVED",
      "sourceValid": true,
      "pass": true
    },
    {
      "questionId": "L026",
      "mutationClass": "DYNAMIC_SOURCE",
      "path": "table.rows.0.balance",
      "status": "DERIVED",
      "sourceValid": true,
      "pass": true
    },
    {
      "questionId": "L027",
      "mutationClass": "DYNAMIC_SOURCE",
      "path": "table.rows.0.balance",
      "status": "DERIVED",
      "sourceValid": true,
      "pass": true
    },
    {
      "questionId": "L028",
      "mutationClass": "DYNAMIC_SOURCE",
      "path": "table.rows.0.balance",
      "status": "DERIVED",
      "sourceValid": true,
      "pass": true
    },
    {
      "questionId": "L029",
      "mutationClass": "DYNAMIC_SOURCE",
      "path": "table.rows.0.quantity",
      "status": "DERIVED",
      "sourceValid": true,
      "pass": true
    },
    {
      "questionId": "L030",
      "mutationClass": "DYNAMIC_SOURCE",
      "path": "table.rows.0.acquisitionCost",
      "status": "DERIVED",
      "sourceValid": true,
      "pass": true
    },
    {
      "questionId": "L031",
      "mutationClass": "DYNAMIC_SOURCE",
      "path": "table.rows.0.balance",
      "status": "DERIVED",
      "sourceValid": true,
      "pass": true
    },
    {
      "questionId": "L032",
      "mutationClass": "DYNAMIC_SOURCE",
      "path": "table.rows.0.balance",
      "status": "DERIVED",
      "sourceValid": true,
      "pass": true
    },
    {
      "questionId": "L033",
      "mutationClass": "DYNAMIC_SOURCE",
      "path": "question",
      "status": "DERIVED",
      "sourceValid": true,
      "pass": true
    },
    {
      "questionId": "L034",
      "mutationClass": "DYNAMIC_SOURCE",
      "path": "question",
      "status": "DERIVED",
      "sourceValid": true,
      "pass": true
    },
    {
      "questionId": "L035",
      "mutationClass": "DYNAMIC_SOURCE",
      "path": "materials.0.日付",
      "status": "DERIVED",
      "sourceValid": true,
      "pass": true
    },
    {
      "questionId": "L036",
      "mutationClass": "DYNAMIC_SOURCE",
      "path": "materials.0.日付",
      "status": "DERIVED",
      "sourceValid": true,
      "pass": true
    },
    {
      "questionId": "L037",
      "mutationClass": "DYNAMIC_SOURCE",
      "path": "question",
      "status": "DERIVED",
      "sourceValid": true,
      "pass": true
    },
    {
      "questionId": "L038",
      "mutationClass": "DYNAMIC_SOURCE",
      "path": "question",
      "status": "DERIVED",
      "sourceValid": true,
      "pass": true
    },
    {
      "questionId": "L039",
      "mutationClass": "DYNAMIC_SOURCE",
      "path": "question",
      "status": "DERIVED",
      "sourceValid": true,
      "pass": true
    },
    {
      "questionId": "L040",
      "mutationClass": "DYNAMIC_SOURCE",
      "path": "question",
      "status": "DERIVED",
      "sourceValid": true,
      "pass": true
    },
    {
      "questionId": "L041",
      "mutationClass": "DYNAMIC_SOURCE",
      "path": "question",
      "status": "DERIVED",
      "sourceValid": true,
      "pass": true
    },
    {
      "questionId": "L042",
      "mutationClass": "DYNAMIC_SOURCE",
      "path": "materials.0.受取日",
      "status": "DERIVED",
      "sourceValid": true,
      "pass": true
    },
    {
      "questionId": "L043",
      "mutationClass": "DYNAMIC_SOURCE",
      "path": "materials.0.振出日",
      "status": "DERIVED",
      "sourceValid": true,
      "pass": true
    },
    {
      "questionId": "L044",
      "mutationClass": "DYNAMIC_SOURCE",
      "path": "materials.0.収入",
      "status": "DERIVED",
      "sourceValid": true,
      "pass": true
    },
    {
      "questionId": "L045",
      "mutationClass": "DYNAMIC_SOURCE",
      "path": "materials.0.預入",
      "status": "DERIVED",
      "sourceValid": true,
      "pass": true
    },
    {
      "questionId": "L046",
      "mutationClass": "DYNAMIC_SOURCE",
      "path": "materials.0.金額",
      "status": "DERIVED",
      "sourceValid": true,
      "pass": true
    },
    {
      "questionId": "L047",
      "mutationClass": "DYNAMIC_SOURCE",
      "path": "question",
      "status": "DERIVED",
      "sourceValid": true,
      "pass": true
    },
    {
      "questionId": "L048",
      "mutationClass": "DYNAMIC_SOURCE",
      "path": "question",
      "status": "DERIVED",
      "sourceValid": true,
      "pass": true
    },
    {
      "questionId": "L049",
      "mutationClass": "DYNAMIC_SOURCE",
      "path": "question",
      "status": "DERIVED",
      "sourceValid": true,
      "pass": true
    },
    {
      "questionId": "L050",
      "mutationClass": "DYNAMIC_SOURCE",
      "path": "question",
      "status": "DERIVED",
      "sourceValid": true,
      "pass": true
    },
    {
      "questionId": "T001",
      "mutationClass": "DYNAMIC_SOURCE",
      "path": "table.rows.0.debit",
      "status": "DERIVED",
      "sourceValid": true,
      "pass": true
    },
    {
      "questionId": "T002",
      "mutationClass": "DYNAMIC_SOURCE",
      "path": "table.rows.0.debit",
      "status": "DERIVED",
      "sourceValid": true,
      "pass": true
    },
    {
      "questionId": "T003",
      "mutationClass": "DYNAMIC_SOURCE",
      "path": "table.rows.0.debit",
      "status": "DERIVED",
      "sourceValid": true,
      "pass": true
    },
    {
      "questionId": "T004",
      "mutationClass": "DYNAMIC_SOURCE",
      "path": "table.rows.0.debit",
      "status": "DERIVED",
      "sourceValid": true,
      "pass": true
    },
    {
      "questionId": "T005",
      "mutationClass": "DYNAMIC_SOURCE",
      "path": "table.rows.0.debit",
      "status": "DERIVED",
      "sourceValid": true,
      "pass": true
    },
    {
      "questionId": "T006",
      "mutationClass": "DYNAMIC_SOURCE",
      "path": "table.rows.0.debit",
      "status": "DERIVED",
      "sourceValid": true,
      "pass": true
    },
    {
      "questionId": "T007",
      "mutationClass": "DYNAMIC_SOURCE",
      "path": "table.rows.0.debit",
      "status": "DERIVED",
      "sourceValid": true,
      "pass": true
    },
    {
      "questionId": "T008",
      "mutationClass": "DYNAMIC_SOURCE",
      "path": "table.rows.0.debit",
      "status": "DERIVED",
      "sourceValid": true,
      "pass": true
    },
    {
      "questionId": "T009",
      "mutationClass": "DYNAMIC_SOURCE",
      "path": "table.rows.0.debit",
      "status": "DERIVED",
      "sourceValid": true,
      "pass": true
    },
    {
      "questionId": "T010",
      "mutationClass": "DYNAMIC_SOURCE",
      "path": "table.rows.0.debit",
      "status": "DERIVED",
      "sourceValid": true,
      "pass": true
    },
    {
      "questionId": "T011",
      "mutationClass": "DYNAMIC_SOURCE",
      "path": "table.rows.0.debit",
      "status": "DERIVED",
      "sourceValid": true,
      "pass": true
    },
    {
      "questionId": "T012",
      "mutationClass": "DYNAMIC_SOURCE",
      "path": "table.rows.0.debit",
      "status": "DERIVED",
      "sourceValid": true,
      "pass": true
    },
    {
      "questionId": "T013",
      "mutationClass": "DYNAMIC_SOURCE",
      "path": "table.rows.0.debit",
      "status": "DERIVED",
      "sourceValid": true,
      "pass": true
    },
    {
      "questionId": "T014",
      "mutationClass": "DYNAMIC_SOURCE",
      "path": "table.rows.0.debit",
      "status": "DERIVED",
      "sourceValid": true,
      "pass": true
    },
    {
      "questionId": "T015",
      "mutationClass": "DYNAMIC_SOURCE",
      "path": "table.rows.0.debit",
      "status": "DERIVED",
      "sourceValid": true,
      "pass": true
    },
    {
      "questionId": "T016",
      "mutationClass": "DYNAMIC_SOURCE",
      "path": "table.rows.0.debit",
      "status": "DERIVED",
      "sourceValid": true,
      "pass": true
    },
    {
      "questionId": "T017",
      "mutationClass": "DYNAMIC_SOURCE",
      "path": "table.rows.0.debit",
      "status": "DERIVED",
      "sourceValid": true,
      "pass": true
    },
    {
      "questionId": "T018",
      "mutationClass": "DYNAMIC_SOURCE",
      "path": "table.rows.0.debit",
      "status": "DERIVED",
      "sourceValid": true,
      "pass": true
    },
    {
      "questionId": "T019",
      "mutationClass": "DYNAMIC_SOURCE",
      "path": "table.rows.0.debit",
      "status": "DERIVED",
      "sourceValid": true,
      "pass": true
    },
    {
      "questionId": "T020",
      "mutationClass": "DYNAMIC_SOURCE",
      "path": "table.rows.0.debit",
      "status": "DERIVED",
      "sourceValid": true,
      "pass": true
    },
    {
      "questionId": "T021",
      "mutationClass": "DYNAMIC_SOURCE",
      "path": "table.rows.0.debit",
      "status": "DERIVED",
      "sourceValid": true,
      "pass": true
    },
    {
      "questionId": "T022",
      "mutationClass": "DYNAMIC_SOURCE",
      "path": "table.rows.0.debit",
      "status": "DERIVED",
      "sourceValid": true,
      "pass": true
    },
    {
      "questionId": "T023",
      "mutationClass": "DYNAMIC_SOURCE",
      "path": "table.rows.0.debit",
      "status": "DERIVED",
      "sourceValid": true,
      "pass": true
    },
    {
      "questionId": "T024",
      "mutationClass": "DYNAMIC_SOURCE",
      "path": "table.rows.0.debit",
      "status": "DERIVED",
      "sourceValid": true,
      "pass": true
    },
    {
      "questionId": "T025",
      "mutationClass": "DYNAMIC_SOURCE",
      "path": "table.rows.0.debit",
      "status": "DERIVED",
      "sourceValid": true,
      "pass": true
    },
    {
      "questionId": "T026",
      "mutationClass": "DYNAMIC_SOURCE",
      "path": "table.rows.0.debit",
      "status": "DERIVED",
      "sourceValid": true,
      "pass": true
    },
    {
      "questionId": "T027",
      "mutationClass": "DYNAMIC_SOURCE",
      "path": "table.rows.0.debit",
      "status": "DERIVED",
      "sourceValid": true,
      "pass": true
    },
    {
      "questionId": "T028",
      "mutationClass": "DYNAMIC_SOURCE",
      "path": "table.rows.0.debit",
      "status": "DERIVED",
      "sourceValid": true,
      "pass": true
    },
    {
      "questionId": "T029",
      "mutationClass": "DYNAMIC_SOURCE",
      "path": "table.rows.0.debit",
      "status": "DERIVED",
      "sourceValid": true,
      "pass": true
    },
    {
      "questionId": "T030",
      "mutationClass": "DYNAMIC_SOURCE",
      "path": "table.rows.0.debit",
      "status": "DERIVED",
      "sourceValid": true,
      "pass": true
    },
    {
      "questionId": "T031",
      "mutationClass": "DYNAMIC_SOURCE",
      "path": "table.rows.0.debit",
      "status": "DERIVED",
      "sourceValid": true,
      "pass": true
    },
    {
      "questionId": "T032",
      "mutationClass": "DYNAMIC_SOURCE",
      "path": "table.rows.0.debit",
      "status": "DERIVED",
      "sourceValid": true,
      "pass": true
    },
    {
      "questionId": "T033",
      "mutationClass": "DYNAMIC_SOURCE",
      "path": "table.rows.0.debit",
      "status": "DERIVED",
      "sourceValid": true,
      "pass": true
    },
    {
      "questionId": "T034",
      "mutationClass": "DYNAMIC_SOURCE",
      "path": "table.rows.0.debit",
      "status": "DERIVED",
      "sourceValid": true,
      "pass": true
    },
    {
      "questionId": "T035",
      "mutationClass": "DYNAMIC_SOURCE",
      "path": "table.rows.0.debit",
      "status": "DERIVED",
      "sourceValid": true,
      "pass": true
    },
    {
      "questionId": "T036",
      "mutationClass": "DYNAMIC_SOURCE",
      "path": "table.rows.0.debit",
      "status": "DERIVED",
      "sourceValid": true,
      "pass": true
    },
    {
      "questionId": "T037",
      "mutationClass": "DYNAMIC_SOURCE",
      "path": "table.rows.0.debit",
      "status": "DERIVED",
      "sourceValid": true,
      "pass": true
    },
    {
      "questionId": "T038",
      "mutationClass": "DYNAMIC_SOURCE",
      "path": "table.rows.0.debit",
      "status": "DERIVED",
      "sourceValid": true,
      "pass": true
    },
    {
      "questionId": "T039",
      "mutationClass": "DYNAMIC_SOURCE",
      "path": "table.rows.0.debit",
      "status": "DERIVED",
      "sourceValid": true,
      "pass": true
    },
    {
      "questionId": "T040",
      "mutationClass": "DYNAMIC_SOURCE",
      "path": "table.rows.0.debit",
      "status": "DERIVED",
      "sourceValid": true,
      "pass": true
    },
    {
      "questionId": "E001",
      "mutationClass": "DYNAMIC_SOURCE",
      "path": "materials.0.evidence",
      "status": "DERIVED",
      "sourceValid": true,
      "pass": true
    },
    {
      "questionId": "E002",
      "mutationClass": "DYNAMIC_SOURCE",
      "path": "materials.0.recorded",
      "status": "DERIVED",
      "sourceValid": true,
      "pass": true
    },
    {
      "questionId": "E003",
      "mutationClass": "DYNAMIC_SOURCE",
      "path": "materials.0.recorded",
      "status": "DERIVED",
      "sourceValid": true,
      "pass": true
    },
    {
      "questionId": "E004",
      "mutationClass": "DYNAMIC_SOURCE",
      "path": "materials.0.recorded",
      "status": "DERIVED",
      "sourceValid": true,
      "pass": true
    },
    {
      "questionId": "E005",
      "mutationClass": "DYNAMIC_SOURCE",
      "path": "materials.0.recorded",
      "status": "DERIVED",
      "sourceValid": true,
      "pass": true
    },
    {
      "questionId": "E006",
      "mutationClass": "DYNAMIC_SOURCE",
      "path": "materials.0.recorded",
      "status": "DERIVED",
      "sourceValid": true,
      "pass": true
    },
    {
      "questionId": "E007",
      "mutationClass": "DYNAMIC_SOURCE",
      "path": "materials.0.recorded",
      "status": "DERIVED",
      "sourceValid": true,
      "pass": true
    },
    {
      "questionId": "E008",
      "mutationClass": "DYNAMIC_SOURCE",
      "path": "materials.0.recorded",
      "status": "DERIVED",
      "sourceValid": true,
      "pass": true
    },
    {
      "questionId": "E009",
      "mutationClass": "DYNAMIC_SOURCE",
      "path": "materials.0.recorded",
      "status": "DERIVED",
      "sourceValid": true,
      "pass": true
    },
    {
      "questionId": "E010",
      "mutationClass": "DYNAMIC_SOURCE",
      "path": "materials.0.recorded",
      "status": "DERIVED",
      "sourceValid": true,
      "pass": true
    },
    {
      "questionId": "E011",
      "mutationClass": "DYNAMIC_SOURCE",
      "path": "materials.0.recorded",
      "status": "DERIVED",
      "sourceValid": true,
      "pass": true
    },
    {
      "questionId": "E012",
      "mutationClass": "DYNAMIC_SOURCE",
      "path": "materials.0.recorded",
      "status": "DERIVED",
      "sourceValid": true,
      "pass": true
    },
    {
      "questionId": "E013",
      "mutationClass": "DYNAMIC_SOURCE",
      "path": "materials.0.recorded",
      "status": "DERIVED",
      "sourceValid": true,
      "pass": true
    },
    {
      "questionId": "E014",
      "mutationClass": "DYNAMIC_SOURCE",
      "path": "materials.0.recorded",
      "status": "DERIVED",
      "sourceValid": true,
      "pass": true
    },
    {
      "questionId": "E015",
      "mutationClass": "DYNAMIC_SOURCE",
      "path": "materials.0.recorded",
      "status": "DERIVED",
      "sourceValid": true,
      "pass": true
    },
    {
      "questionId": "E016",
      "mutationClass": "DYNAMIC_SOURCE",
      "path": "materials.0.recorded",
      "status": "DERIVED",
      "sourceValid": true,
      "pass": true
    },
    {
      "questionId": "E017",
      "mutationClass": "DYNAMIC_SOURCE",
      "path": "materials.0.recorded",
      "status": "DERIVED",
      "sourceValid": true,
      "pass": true
    },
    {
      "questionId": "E018",
      "mutationClass": "DYNAMIC_SOURCE",
      "path": "materials.0.recorded",
      "status": "DERIVED",
      "sourceValid": true,
      "pass": true
    },
    {
      "questionId": "E019",
      "mutationClass": "DYNAMIC_SOURCE",
      "path": "materials.0.recorded",
      "status": "DERIVED",
      "sourceValid": true,
      "pass": true
    },
    {
      "questionId": "E020",
      "mutationClass": "DYNAMIC_SOURCE",
      "path": "materials.0.recorded",
      "status": "DERIVED",
      "sourceValid": true,
      "pass": true
    },
    {
      "questionId": "D001",
      "mutationClass": "DYNAMIC_SOURCE",
      "path": "question",
      "status": "DERIVED",
      "sourceValid": true,
      "pass": true
    },
    {
      "questionId": "D002",
      "mutationClass": "DYNAMIC_SOURCE",
      "path": "question",
      "status": "DERIVED",
      "sourceValid": true,
      "pass": true
    },
    {
      "questionId": "D003",
      "mutationClass": "DYNAMIC_SOURCE",
      "path": "question",
      "status": "DERIVED",
      "sourceValid": true,
      "pass": true
    },
    {
      "questionId": "D004",
      "mutationClass": "DYNAMIC_SOURCE",
      "path": "question",
      "status": "DERIVED",
      "sourceValid": true,
      "pass": true
    },
    {
      "questionId": "D005",
      "mutationClass": "DYNAMIC_SOURCE",
      "path": "question",
      "status": "DERIVED",
      "sourceValid": true,
      "pass": true
    },
    {
      "questionId": "D006",
      "mutationClass": "DYNAMIC_SOURCE",
      "path": "question",
      "status": "DERIVED",
      "sourceValid": true,
      "pass": true
    },
    {
      "questionId": "D007",
      "mutationClass": "DYNAMIC_SOURCE",
      "path": "question",
      "status": "DERIVED",
      "sourceValid": true,
      "pass": true
    },
    {
      "questionId": "D008",
      "mutationClass": "DYNAMIC_SOURCE",
      "path": "question",
      "status": "DERIVED",
      "sourceValid": true,
      "pass": true
    },
    {
      "questionId": "D009",
      "mutationClass": "DYNAMIC_SOURCE",
      "path": "question",
      "status": "DERIVED",
      "sourceValid": true,
      "pass": true
    },
    {
      "questionId": "D010",
      "mutationClass": "DYNAMIC_SOURCE",
      "path": "question",
      "status": "DERIVED",
      "sourceValid": true,
      "pass": true
    },
    {
      "questionId": "D011",
      "mutationClass": "DYNAMIC_SOURCE",
      "path": "question",
      "status": "DERIVED",
      "sourceValid": true,
      "pass": true
    },
    {
      "questionId": "D012",
      "mutationClass": "DYNAMIC_SOURCE",
      "path": "question",
      "status": "DERIVED",
      "sourceValid": true,
      "pass": true
    },
    {
      "questionId": "D013",
      "mutationClass": "DYNAMIC_SOURCE",
      "path": "question",
      "status": "DERIVED",
      "sourceValid": true,
      "pass": true
    },
    {
      "questionId": "D014",
      "mutationClass": "DYNAMIC_SOURCE",
      "path": "question",
      "status": "DERIVED",
      "sourceValid": true,
      "pass": true
    },
    {
      "questionId": "D015",
      "mutationClass": "DYNAMIC_SOURCE",
      "path": "question",
      "status": "DERIVED",
      "sourceValid": true,
      "pass": true
    },
    {
      "questionId": "D016",
      "mutationClass": "DYNAMIC_SOURCE",
      "path": "question",
      "status": "DERIVED",
      "sourceValid": true,
      "pass": true
    },
    {
      "questionId": "D017",
      "mutationClass": "DYNAMIC_SOURCE",
      "path": "question",
      "status": "DERIVED",
      "sourceValid": true,
      "pass": true
    },
    {
      "questionId": "D018",
      "mutationClass": "DYNAMIC_SOURCE",
      "path": "question",
      "status": "DERIVED",
      "sourceValid": true,
      "pass": true
    },
    {
      "questionId": "D019",
      "mutationClass": "DYNAMIC_SOURCE",
      "path": "materials.0.整理前借方",
      "status": "DERIVED",
      "sourceValid": true,
      "pass": true
    },
    {
      "questionId": "D020",
      "mutationClass": "DYNAMIC_SOURCE",
      "path": "question",
      "status": "DERIVED",
      "sourceValid": true,
      "pass": true
    },
    {
      "questionId": "F001",
      "mutationClass": "DYNAMIC_SOURCE",
      "path": "materials.0.金額",
      "status": "DERIVED",
      "sourceValid": true,
      "pass": true
    },
    {
      "questionId": "F002",
      "mutationClass": "DYNAMIC_SOURCE",
      "path": "table.rows.0.amount",
      "status": "DERIVED",
      "sourceValid": true,
      "pass": true
    },
    {
      "questionId": "F003",
      "mutationClass": "DYNAMIC_SOURCE",
      "path": "table.rows.0.amount",
      "status": "DERIVED",
      "sourceValid": true,
      "pass": true
    },
    {
      "questionId": "F004",
      "mutationClass": "DYNAMIC_SOURCE",
      "path": "table.rows.0.amount",
      "status": "DERIVED",
      "sourceValid": true,
      "pass": true
    },
    {
      "questionId": "F005",
      "mutationClass": "DYNAMIC_SOURCE",
      "path": "table.rows.0.amount",
      "status": "DERIVED",
      "sourceValid": true,
      "pass": true
    },
    {
      "questionId": "F006",
      "mutationClass": "DYNAMIC_SOURCE",
      "path": "table.rows.0.amount",
      "status": "DERIVED",
      "sourceValid": true,
      "pass": true
    },
    {
      "questionId": "F007",
      "mutationClass": "DYNAMIC_SOURCE",
      "path": "table.rows.0.amount",
      "status": "DERIVED",
      "sourceValid": true,
      "pass": true
    },
    {
      "questionId": "F008",
      "mutationClass": "DYNAMIC_SOURCE",
      "path": "table.rows.0.amount",
      "status": "DERIVED",
      "sourceValid": true,
      "pass": true
    },
    {
      "questionId": "F009",
      "mutationClass": "DYNAMIC_SOURCE",
      "path": "table.rows.0.amount",
      "status": "DERIVED",
      "sourceValid": true,
      "pass": true
    },
    {
      "questionId": "F010",
      "mutationClass": "DYNAMIC_SOURCE",
      "path": "table.rows.0.amount",
      "status": "DERIVED",
      "sourceValid": true,
      "pass": true
    },
    {
      "questionId": "C001",
      "mutationClass": "DYNAMIC_SOURCE",
      "path": "materials.0.内容",
      "status": "INVALID_SOURCE",
      "sourceValid": false,
      "pass": true
    },
    {
      "questionId": "C002",
      "mutationClass": "DYNAMIC_SOURCE",
      "path": "question",
      "status": "DERIVED",
      "sourceValid": true,
      "pass": true
    },
    {
      "questionId": "C003",
      "mutationClass": "DYNAMIC_SOURCE",
      "path": "materials.0.内容",
      "status": "DERIVED",
      "sourceValid": true,
      "pass": true
    },
    {
      "questionId": "C004",
      "mutationClass": "DYNAMIC_SOURCE",
      "path": "materials.0.transaction",
      "status": "DERIVED",
      "sourceValid": true,
      "pass": true
    },
    {
      "questionId": "C005",
      "mutationClass": "DYNAMIC_SOURCE",
      "path": "materials.0.transaction",
      "status": "DERIVED",
      "sourceValid": true,
      "pass": true
    },
    {
      "questionId": "C006",
      "mutationClass": "DYNAMIC_SOURCE",
      "path": "materials.0.transaction",
      "status": "DERIVED",
      "sourceValid": true,
      "pass": true
    },
    {
      "questionId": "C007",
      "mutationClass": "DYNAMIC_SOURCE",
      "path": "materials.0.transaction",
      "status": "DERIVED",
      "sourceValid": true,
      "pass": true
    },
    {
      "questionId": "C008",
      "mutationClass": "DYNAMIC_SOURCE",
      "path": "materials.0.transaction",
      "status": "DERIVED",
      "sourceValid": true,
      "pass": true
    },
    {
      "questionId": "C009",
      "mutationClass": "DYNAMIC_SOURCE",
      "path": "materials.0.transaction",
      "status": "DERIVED",
      "sourceValid": true,
      "pass": true
    },
    {
      "questionId": "C010",
      "mutationClass": "DYNAMIC_SOURCE",
      "path": "materials.0.transaction",
      "status": "DERIVED",
      "sourceValid": true,
      "pass": true
    },
    {
      "questionId": "J001",
      "mutationClass": "ANSWER_TAMPER",
      "status": "DERIVED",
      "sourceValid": true,
      "pass": true
    },
    {
      "questionId": "J002",
      "mutationClass": "ANSWER_TAMPER",
      "status": "DERIVED",
      "sourceValid": true,
      "pass": true
    },
    {
      "questionId": "J003",
      "mutationClass": "ANSWER_TAMPER",
      "status": "DERIVED",
      "sourceValid": true,
      "pass": true
    },
    {
      "questionId": "J004",
      "mutationClass": "ANSWER_TAMPER",
      "status": "DERIVED",
      "sourceValid": true,
      "pass": true
    },
    {
      "questionId": "J005",
      "mutationClass": "ANSWER_TAMPER",
      "status": "DERIVED",
      "sourceValid": true,
      "pass": true
    },
    {
      "questionId": "J006",
      "mutationClass": "ANSWER_TAMPER",
      "status": "DERIVED",
      "sourceValid": true,
      "pass": true
    },
    {
      "questionId": "J007",
      "mutationClass": "ANSWER_TAMPER",
      "status": "DERIVED",
      "sourceValid": true,
      "pass": true
    },
    {
      "questionId": "J008",
      "mutationClass": "ANSWER_TAMPER",
      "status": "DERIVED",
      "sourceValid": true,
      "pass": true
    },
    {
      "questionId": "J009",
      "mutationClass": "ANSWER_TAMPER",
      "status": "DERIVED",
      "sourceValid": true,
      "pass": true
    },
    {
      "questionId": "J010",
      "mutationClass": "ANSWER_TAMPER",
      "status": "DERIVED",
      "sourceValid": true,
      "pass": true
    },
    {
      "questionId": "J011",
      "mutationClass": "ANSWER_TAMPER",
      "status": "DERIVED",
      "sourceValid": true,
      "pass": true
    },
    {
      "questionId": "J012",
      "mutationClass": "ANSWER_TAMPER",
      "status": "DERIVED",
      "sourceValid": true,
      "pass": true
    },
    {
      "questionId": "J013",
      "mutationClass": "ANSWER_TAMPER",
      "status": "DERIVED",
      "sourceValid": true,
      "pass": true
    },
    {
      "questionId": "J014",
      "mutationClass": "ANSWER_TAMPER",
      "status": "DERIVED",
      "sourceValid": true,
      "pass": true
    },
    {
      "questionId": "J015",
      "mutationClass": "ANSWER_TAMPER",
      "status": "DERIVED",
      "sourceValid": true,
      "pass": true
    },
    {
      "questionId": "J016",
      "mutationClass": "ANSWER_TAMPER",
      "status": "DERIVED",
      "sourceValid": true,
      "pass": true
    },
    {
      "questionId": "J017",
      "mutationClass": "ANSWER_TAMPER",
      "status": "DERIVED",
      "sourceValid": true,
      "pass": true
    },
    {
      "questionId": "J018",
      "mutationClass": "ANSWER_TAMPER",
      "status": "DERIVED",
      "sourceValid": true,
      "pass": true
    },
    {
      "questionId": "J019",
      "mutationClass": "ANSWER_TAMPER",
      "status": "DERIVED",
      "sourceValid": true,
      "pass": true
    },
    {
      "questionId": "J020",
      "mutationClass": "ANSWER_TAMPER",
      "status": "DERIVED",
      "sourceValid": true,
      "pass": true
    },
    {
      "questionId": "J021",
      "mutationClass": "ANSWER_TAMPER",
      "status": "DERIVED",
      "sourceValid": true,
      "pass": true
    },
    {
      "questionId": "J022",
      "mutationClass": "ANSWER_TAMPER",
      "status": "DERIVED",
      "sourceValid": true,
      "pass": true
    },
    {
      "questionId": "J023",
      "mutationClass": "ANSWER_TAMPER",
      "status": "DERIVED",
      "sourceValid": true,
      "pass": true
    },
    {
      "questionId": "J024",
      "mutationClass": "ANSWER_TAMPER",
      "status": "DERIVED",
      "sourceValid": true,
      "pass": true
    },
    {
      "questionId": "J025",
      "mutationClass": "ANSWER_TAMPER",
      "status": "DERIVED",
      "sourceValid": true,
      "pass": true
    },
    {
      "questionId": "J026",
      "mutationClass": "ANSWER_TAMPER",
      "status": "DERIVED",
      "sourceValid": true,
      "pass": true
    },
    {
      "questionId": "J027",
      "mutationClass": "ANSWER_TAMPER",
      "status": "DERIVED",
      "sourceValid": true,
      "pass": true
    },
    {
      "questionId": "J028",
      "mutationClass": "ANSWER_TAMPER",
      "status": "DERIVED",
      "sourceValid": true,
      "pass": true
    },
    {
      "questionId": "J029",
      "mutationClass": "ANSWER_TAMPER",
      "status": "DERIVED",
      "sourceValid": true,
      "pass": true
    },
    {
      "questionId": "J030",
      "mutationClass": "ANSWER_TAMPER",
      "status": "DERIVED",
      "sourceValid": true,
      "pass": true
    },
    {
      "questionId": "J031",
      "mutationClass": "ANSWER_TAMPER",
      "status": "DERIVED",
      "sourceValid": true,
      "pass": true
    },
    {
      "questionId": "J032",
      "mutationClass": "ANSWER_TAMPER",
      "status": "DERIVED",
      "sourceValid": true,
      "pass": true
    },
    {
      "questionId": "J033",
      "mutationClass": "ANSWER_TAMPER",
      "status": "DERIVED",
      "sourceValid": true,
      "pass": true
    },
    {
      "questionId": "J034",
      "mutationClass": "ANSWER_TAMPER",
      "status": "DERIVED",
      "sourceValid": true,
      "pass": true
    },
    {
      "questionId": "J035",
      "mutationClass": "ANSWER_TAMPER",
      "status": "DERIVED",
      "sourceValid": true,
      "pass": true
    },
    {
      "questionId": "J036",
      "mutationClass": "ANSWER_TAMPER",
      "status": "DERIVED",
      "sourceValid": true,
      "pass": true
    },
    {
      "questionId": "J037",
      "mutationClass": "ANSWER_TAMPER",
      "status": "DERIVED",
      "sourceValid": true,
      "pass": true
    },
    {
      "questionId": "J038",
      "mutationClass": "ANSWER_TAMPER",
      "status": "DERIVED",
      "sourceValid": true,
      "pass": true
    },
    {
      "questionId": "J039",
      "mutationClass": "ANSWER_TAMPER",
      "status": "DERIVED",
      "sourceValid": true,
      "pass": true
    },
    {
      "questionId": "J040",
      "mutationClass": "ANSWER_TAMPER",
      "status": "DERIVED",
      "sourceValid": true,
      "pass": true
    },
    {
      "questionId": "J041",
      "mutationClass": "ANSWER_TAMPER",
      "status": "DERIVED",
      "sourceValid": true,
      "pass": true
    },
    {
      "questionId": "J042",
      "mutationClass": "ANSWER_TAMPER",
      "status": "DERIVED",
      "sourceValid": true,
      "pass": true
    },
    {
      "questionId": "J043",
      "mutationClass": "ANSWER_TAMPER",
      "status": "DERIVED",
      "sourceValid": true,
      "pass": true
    },
    {
      "questionId": "J044",
      "mutationClass": "ANSWER_TAMPER",
      "status": "DERIVED",
      "sourceValid": true,
      "pass": true
    },
    {
      "questionId": "J045",
      "mutationClass": "ANSWER_TAMPER",
      "status": "DERIVED",
      "sourceValid": true,
      "pass": true
    },
    {
      "questionId": "J046",
      "mutationClass": "ANSWER_TAMPER",
      "status": "DERIVED",
      "sourceValid": true,
      "pass": true
    },
    {
      "questionId": "J047",
      "mutationClass": "ANSWER_TAMPER",
      "status": "DERIVED",
      "sourceValid": true,
      "pass": true
    },
    {
      "questionId": "J048",
      "mutationClass": "ANSWER_TAMPER",
      "status": "DERIVED",
      "sourceValid": true,
      "pass": true
    },
    {
      "questionId": "J049",
      "mutationClass": "ANSWER_TAMPER",
      "status": "DERIVED",
      "sourceValid": true,
      "pass": true
    },
    {
      "questionId": "J050",
      "mutationClass": "ANSWER_TAMPER",
      "status": "DERIVED",
      "sourceValid": true,
      "pass": true
    },
    {
      "questionId": "J051",
      "mutationClass": "ANSWER_TAMPER",
      "status": "DERIVED",
      "sourceValid": true,
      "pass": true
    },
    {
      "questionId": "J052",
      "mutationClass": "ANSWER_TAMPER",
      "status": "DERIVED",
      "sourceValid": true,
      "pass": true
    },
    {
      "questionId": "J053",
      "mutationClass": "ANSWER_TAMPER",
      "status": "DERIVED",
      "sourceValid": true,
      "pass": true
    },
    {
      "questionId": "J054",
      "mutationClass": "ANSWER_TAMPER",
      "status": "DERIVED",
      "sourceValid": true,
      "pass": true
    },
    {
      "questionId": "J055",
      "mutationClass": "ANSWER_TAMPER",
      "status": "DERIVED",
      "sourceValid": true,
      "pass": true
    },
    {
      "questionId": "J056",
      "mutationClass": "ANSWER_TAMPER",
      "status": "DERIVED",
      "sourceValid": true,
      "pass": true
    },
    {
      "questionId": "J057",
      "mutationClass": "ANSWER_TAMPER",
      "status": "DERIVED",
      "sourceValid": true,
      "pass": true
    },
    {
      "questionId": "J058",
      "mutationClass": "ANSWER_TAMPER",
      "status": "DERIVED",
      "sourceValid": true,
      "pass": true
    },
    {
      "questionId": "J059",
      "mutationClass": "ANSWER_TAMPER",
      "status": "DERIVED",
      "sourceValid": true,
      "pass": true
    },
    {
      "questionId": "J060",
      "mutationClass": "ANSWER_TAMPER",
      "status": "DERIVED",
      "sourceValid": true,
      "pass": true
    },
    {
      "questionId": "J061",
      "mutationClass": "ANSWER_TAMPER",
      "status": "DERIVED",
      "sourceValid": true,
      "pass": true
    },
    {
      "questionId": "J062",
      "mutationClass": "ANSWER_TAMPER",
      "status": "DERIVED",
      "sourceValid": true,
      "pass": true
    },
    {
      "questionId": "J063",
      "mutationClass": "ANSWER_TAMPER",
      "status": "DERIVED",
      "sourceValid": true,
      "pass": true
    },
    {
      "questionId": "J064",
      "mutationClass": "ANSWER_TAMPER",
      "status": "DERIVED",
      "sourceValid": true,
      "pass": true
    },
    {
      "questionId": "J065",
      "mutationClass": "ANSWER_TAMPER",
      "status": "DERIVED",
      "sourceValid": true,
      "pass": true
    },
    {
      "questionId": "J066",
      "mutationClass": "ANSWER_TAMPER",
      "status": "DERIVED",
      "sourceValid": true,
      "pass": true
    },
    {
      "questionId": "J067",
      "mutationClass": "ANSWER_TAMPER",
      "status": "DERIVED",
      "sourceValid": true,
      "pass": true
    },
    {
      "questionId": "J068",
      "mutationClass": "ANSWER_TAMPER",
      "status": "DERIVED",
      "sourceValid": true,
      "pass": true
    },
    {
      "questionId": "J069",
      "mutationClass": "ANSWER_TAMPER",
      "status": "DERIVED",
      "sourceValid": true,
      "pass": true
    },
    {
      "questionId": "J070",
      "mutationClass": "ANSWER_TAMPER",
      "status": "DERIVED",
      "sourceValid": true,
      "pass": true
    },
    {
      "questionId": "J071",
      "mutationClass": "ANSWER_TAMPER",
      "status": "DERIVED",
      "sourceValid": true,
      "pass": true
    },
    {
      "questionId": "J072",
      "mutationClass": "ANSWER_TAMPER",
      "status": "DERIVED",
      "sourceValid": true,
      "pass": true
    },
    {
      "questionId": "J073",
      "mutationClass": "ANSWER_TAMPER",
      "status": "DERIVED",
      "sourceValid": true,
      "pass": true
    },
    {
      "questionId": "J074",
      "mutationClass": "ANSWER_TAMPER",
      "status": "DERIVED",
      "sourceValid": true,
      "pass": true
    },
    {
      "questionId": "J075",
      "mutationClass": "ANSWER_TAMPER",
      "status": "DERIVED",
      "sourceValid": true,
      "pass": true
    },
    {
      "questionId": "J076",
      "mutationClass": "ANSWER_TAMPER",
      "status": "DERIVED",
      "sourceValid": true,
      "pass": true
    },
    {
      "questionId": "J077",
      "mutationClass": "ANSWER_TAMPER",
      "status": "DERIVED",
      "sourceValid": true,
      "pass": true
    },
    {
      "questionId": "J078",
      "mutationClass": "ANSWER_TAMPER",
      "status": "DERIVED",
      "sourceValid": true,
      "pass": true
    },
    {
      "questionId": "J079",
      "mutationClass": "ANSWER_TAMPER",
      "status": "DERIVED",
      "sourceValid": true,
      "pass": true
    },
    {
      "questionId": "J080",
      "mutationClass": "ANSWER_TAMPER",
      "status": "DERIVED",
      "sourceValid": true,
      "pass": true
    },
    {
      "questionId": "J081",
      "mutationClass": "ANSWER_TAMPER",
      "status": "DERIVED",
      "sourceValid": true,
      "pass": true
    },
    {
      "questionId": "J082",
      "mutationClass": "ANSWER_TAMPER",
      "status": "DERIVED",
      "sourceValid": true,
      "pass": true
    },
    {
      "questionId": "J083",
      "mutationClass": "ANSWER_TAMPER",
      "status": "DERIVED",
      "sourceValid": true,
      "pass": true
    },
    {
      "questionId": "J084",
      "mutationClass": "ANSWER_TAMPER",
      "status": "DERIVED",
      "sourceValid": true,
      "pass": true
    },
    {
      "questionId": "J085",
      "mutationClass": "ANSWER_TAMPER",
      "status": "DERIVED",
      "sourceValid": true,
      "pass": true
    },
    {
      "questionId": "J086",
      "mutationClass": "ANSWER_TAMPER",
      "status": "DERIVED",
      "sourceValid": true,
      "pass": true
    },
    {
      "questionId": "J087",
      "mutationClass": "ANSWER_TAMPER",
      "status": "DERIVED",
      "sourceValid": true,
      "pass": true
    },
    {
      "questionId": "J088",
      "mutationClass": "ANSWER_TAMPER",
      "status": "DERIVED",
      "sourceValid": true,
      "pass": true
    },
    {
      "questionId": "J089",
      "mutationClass": "ANSWER_TAMPER",
      "status": "DERIVED",
      "sourceValid": true,
      "pass": true
    },
    {
      "questionId": "J090",
      "mutationClass": "ANSWER_TAMPER",
      "status": "DERIVED",
      "sourceValid": true,
      "pass": true
    },
    {
      "questionId": "J091",
      "mutationClass": "ANSWER_TAMPER",
      "status": "DERIVED",
      "sourceValid": true,
      "pass": true
    },
    {
      "questionId": "J092",
      "mutationClass": "ANSWER_TAMPER",
      "status": "DERIVED",
      "sourceValid": true,
      "pass": true
    },
    {
      "questionId": "J093",
      "mutationClass": "ANSWER_TAMPER",
      "status": "DERIVED",
      "sourceValid": true,
      "pass": true
    },
    {
      "questionId": "J094",
      "mutationClass": "ANSWER_TAMPER",
      "status": "DERIVED",
      "sourceValid": true,
      "pass": true
    },
    {
      "questionId": "J095",
      "mutationClass": "ANSWER_TAMPER",
      "status": "DERIVED",
      "sourceValid": true,
      "pass": true
    },
    {
      "questionId": "J096",
      "mutationClass": "ANSWER_TAMPER",
      "status": "DERIVED",
      "sourceValid": true,
      "pass": true
    },
    {
      "questionId": "J097",
      "mutationClass": "ANSWER_TAMPER",
      "status": "DERIVED",
      "sourceValid": true,
      "pass": true
    },
    {
      "questionId": "J098",
      "mutationClass": "ANSWER_TAMPER",
      "status": "DERIVED",
      "sourceValid": true,
      "pass": true
    },
    {
      "questionId": "J099",
      "mutationClass": "ANSWER_TAMPER",
      "status": "DERIVED",
      "sourceValid": true,
      "pass": true
    },
    {
      "questionId": "J100",
      "mutationClass": "ANSWER_TAMPER",
      "status": "DERIVED",
      "sourceValid": true,
      "pass": true
    },
    {
      "questionId": "J101",
      "mutationClass": "ANSWER_TAMPER",
      "status": "DERIVED",
      "sourceValid": true,
      "pass": true
    },
    {
      "questionId": "J102",
      "mutationClass": "ANSWER_TAMPER",
      "status": "DERIVED",
      "sourceValid": true,
      "pass": true
    },
    {
      "questionId": "J103",
      "mutationClass": "ANSWER_TAMPER",
      "status": "DERIVED",
      "sourceValid": true,
      "pass": true
    },
    {
      "questionId": "J104",
      "mutationClass": "ANSWER_TAMPER",
      "status": "DERIVED",
      "sourceValid": true,
      "pass": true
    },
    {
      "questionId": "J105",
      "mutationClass": "ANSWER_TAMPER",
      "status": "DERIVED",
      "sourceValid": true,
      "pass": true
    },
    {
      "questionId": "J106",
      "mutationClass": "ANSWER_TAMPER",
      "status": "DERIVED",
      "sourceValid": true,
      "pass": true
    },
    {
      "questionId": "J107",
      "mutationClass": "ANSWER_TAMPER",
      "status": "DERIVED",
      "sourceValid": true,
      "pass": true
    },
    {
      "questionId": "J108",
      "mutationClass": "ANSWER_TAMPER",
      "status": "DERIVED",
      "sourceValid": true,
      "pass": true
    },
    {
      "questionId": "J109",
      "mutationClass": "ANSWER_TAMPER",
      "status": "DERIVED",
      "sourceValid": true,
      "pass": true
    },
    {
      "questionId": "J110",
      "mutationClass": "ANSWER_TAMPER",
      "status": "DERIVED",
      "sourceValid": true,
      "pass": true
    },
    {
      "questionId": "J111",
      "mutationClass": "ANSWER_TAMPER",
      "status": "DERIVED",
      "sourceValid": true,
      "pass": true
    },
    {
      "questionId": "J112",
      "mutationClass": "ANSWER_TAMPER",
      "status": "DERIVED",
      "sourceValid": true,
      "pass": true
    },
    {
      "questionId": "J113",
      "mutationClass": "ANSWER_TAMPER",
      "status": "DERIVED",
      "sourceValid": true,
      "pass": true
    },
    {
      "questionId": "J114",
      "mutationClass": "ANSWER_TAMPER",
      "status": "DERIVED",
      "sourceValid": true,
      "pass": true
    },
    {
      "questionId": "J115",
      "mutationClass": "ANSWER_TAMPER",
      "status": "DERIVED",
      "sourceValid": true,
      "pass": true
    },
    {
      "questionId": "J116",
      "mutationClass": "ANSWER_TAMPER",
      "status": "DERIVED",
      "sourceValid": true,
      "pass": true
    },
    {
      "questionId": "J117",
      "mutationClass": "ANSWER_TAMPER",
      "status": "DERIVED",
      "sourceValid": true,
      "pass": true
    },
    {
      "questionId": "J118",
      "mutationClass": "ANSWER_TAMPER",
      "status": "DERIVED",
      "sourceValid": true,
      "pass": true
    },
    {
      "questionId": "J119",
      "mutationClass": "ANSWER_TAMPER",
      "status": "DERIVED",
      "sourceValid": true,
      "pass": true
    },
    {
      "questionId": "J120",
      "mutationClass": "ANSWER_TAMPER",
      "status": "DERIVED",
      "sourceValid": true,
      "pass": true
    },
    {
      "questionId": "J121",
      "mutationClass": "ANSWER_TAMPER",
      "status": "DERIVED",
      "sourceValid": true,
      "pass": true
    },
    {
      "questionId": "J122",
      "mutationClass": "ANSWER_TAMPER",
      "status": "DERIVED",
      "sourceValid": true,
      "pass": true
    },
    {
      "questionId": "J123",
      "mutationClass": "ANSWER_TAMPER",
      "status": "DERIVED",
      "sourceValid": true,
      "pass": true
    },
    {
      "questionId": "J124",
      "mutationClass": "ANSWER_TAMPER",
      "status": "DERIVED",
      "sourceValid": true,
      "pass": true
    },
    {
      "questionId": "J125",
      "mutationClass": "ANSWER_TAMPER",
      "status": "DERIVED",
      "sourceValid": true,
      "pass": true
    },
    {
      "questionId": "J126",
      "mutationClass": "ANSWER_TAMPER",
      "status": "DERIVED",
      "sourceValid": true,
      "pass": true
    },
    {
      "questionId": "J127",
      "mutationClass": "ANSWER_TAMPER",
      "status": "DERIVED",
      "sourceValid": true,
      "pass": true
    },
    {
      "questionId": "J128",
      "mutationClass": "ANSWER_TAMPER",
      "status": "DERIVED",
      "sourceValid": true,
      "pass": true
    },
    {
      "questionId": "J129",
      "mutationClass": "ANSWER_TAMPER",
      "status": "DERIVED",
      "sourceValid": true,
      "pass": true
    },
    {
      "questionId": "J130",
      "mutationClass": "ANSWER_TAMPER",
      "status": "DERIVED",
      "sourceValid": true,
      "pass": true
    },
    {
      "questionId": "J131",
      "mutationClass": "ANSWER_TAMPER",
      "status": "DERIVED",
      "sourceValid": true,
      "pass": true
    },
    {
      "questionId": "J132",
      "mutationClass": "ANSWER_TAMPER",
      "status": "DERIVED",
      "sourceValid": true,
      "pass": true
    },
    {
      "questionId": "J133",
      "mutationClass": "ANSWER_TAMPER",
      "status": "DERIVED",
      "sourceValid": true,
      "pass": true
    },
    {
      "questionId": "J134",
      "mutationClass": "ANSWER_TAMPER",
      "status": "DERIVED",
      "sourceValid": true,
      "pass": true
    },
    {
      "questionId": "J135",
      "mutationClass": "ANSWER_TAMPER",
      "status": "DERIVED",
      "sourceValid": true,
      "pass": true
    },
    {
      "questionId": "J136",
      "mutationClass": "ANSWER_TAMPER",
      "status": "DERIVED",
      "sourceValid": true,
      "pass": true
    },
    {
      "questionId": "J137",
      "mutationClass": "ANSWER_TAMPER",
      "status": "DERIVED",
      "sourceValid": true,
      "pass": true
    },
    {
      "questionId": "J138",
      "mutationClass": "ANSWER_TAMPER",
      "status": "DERIVED",
      "sourceValid": true,
      "pass": true
    },
    {
      "questionId": "J139",
      "mutationClass": "ANSWER_TAMPER",
      "status": "DERIVED",
      "sourceValid": true,
      "pass": true
    },
    {
      "questionId": "J140",
      "mutationClass": "ANSWER_TAMPER",
      "status": "DERIVED",
      "sourceValid": true,
      "pass": true
    },
    {
      "questionId": "J141",
      "mutationClass": "ANSWER_TAMPER",
      "status": "DERIVED",
      "sourceValid": true,
      "pass": true
    },
    {
      "questionId": "J142",
      "mutationClass": "ANSWER_TAMPER",
      "status": "DERIVED",
      "sourceValid": true,
      "pass": true
    },
    {
      "questionId": "J143",
      "mutationClass": "ANSWER_TAMPER",
      "status": "DERIVED",
      "sourceValid": true,
      "pass": true
    },
    {
      "questionId": "J144",
      "mutationClass": "ANSWER_TAMPER",
      "status": "DERIVED",
      "sourceValid": true,
      "pass": true
    },
    {
      "questionId": "J145",
      "mutationClass": "ANSWER_TAMPER",
      "status": "DERIVED",
      "sourceValid": true,
      "pass": true
    },
    {
      "questionId": "J146",
      "mutationClass": "ANSWER_TAMPER",
      "status": "DERIVED",
      "sourceValid": true,
      "pass": true
    },
    {
      "questionId": "J147",
      "mutationClass": "ANSWER_TAMPER",
      "status": "DERIVED",
      "sourceValid": true,
      "pass": true
    },
    {
      "questionId": "J148",
      "mutationClass": "ANSWER_TAMPER",
      "status": "DERIVED",
      "sourceValid": true,
      "pass": true
    },
    {
      "questionId": "J149",
      "mutationClass": "ANSWER_TAMPER",
      "status": "DERIVED",
      "sourceValid": true,
      "pass": true
    },
    {
      "questionId": "J150",
      "mutationClass": "ANSWER_TAMPER",
      "status": "DERIVED",
      "sourceValid": true,
      "pass": true
    },
    {
      "questionId": "L001",
      "mutationClass": "ANSWER_TAMPER",
      "status": "DERIVED",
      "sourceValid": true,
      "pass": true
    },
    {
      "questionId": "L002",
      "mutationClass": "ANSWER_TAMPER",
      "status": "DERIVED",
      "sourceValid": true,
      "pass": true
    },
    {
      "questionId": "L003",
      "mutationClass": "ANSWER_TAMPER",
      "status": "DERIVED",
      "sourceValid": true,
      "pass": true
    },
    {
      "questionId": "L004",
      "mutationClass": "ANSWER_TAMPER",
      "status": "DERIVED",
      "sourceValid": true,
      "pass": true
    },
    {
      "questionId": "L005",
      "mutationClass": "ANSWER_TAMPER",
      "status": "DERIVED",
      "sourceValid": true,
      "pass": true
    },
    {
      "questionId": "L006",
      "mutationClass": "ANSWER_TAMPER",
      "status": "DERIVED",
      "sourceValid": true,
      "pass": true
    },
    {
      "questionId": "L007",
      "mutationClass": "ANSWER_TAMPER",
      "status": "DERIVED",
      "sourceValid": true,
      "pass": true
    },
    {
      "questionId": "L008",
      "mutationClass": "ANSWER_TAMPER",
      "status": "DERIVED",
      "sourceValid": true,
      "pass": true
    },
    {
      "questionId": "L009",
      "mutationClass": "ANSWER_TAMPER",
      "status": "DERIVED",
      "sourceValid": true,
      "pass": true
    },
    {
      "questionId": "L010",
      "mutationClass": "ANSWER_TAMPER",
      "status": "DERIVED",
      "sourceValid": true,
      "pass": true
    },
    {
      "questionId": "L011",
      "mutationClass": "ANSWER_TAMPER",
      "status": "DERIVED",
      "sourceValid": true,
      "pass": true
    },
    {
      "questionId": "L012",
      "mutationClass": "ANSWER_TAMPER",
      "status": "DERIVED",
      "sourceValid": true,
      "pass": true
    },
    {
      "questionId": "L013",
      "mutationClass": "ANSWER_TAMPER",
      "status": "DERIVED",
      "sourceValid": true,
      "pass": true
    },
    {
      "questionId": "L014",
      "mutationClass": "ANSWER_TAMPER",
      "status": "DERIVED",
      "sourceValid": true,
      "pass": true
    },
    {
      "questionId": "L015",
      "mutationClass": "ANSWER_TAMPER",
      "status": "DERIVED",
      "sourceValid": true,
      "pass": true
    },
    {
      "questionId": "L016",
      "mutationClass": "ANSWER_TAMPER",
      "status": "DERIVED",
      "sourceValid": true,
      "pass": true
    },
    {
      "questionId": "L017",
      "mutationClass": "ANSWER_TAMPER",
      "status": "DERIVED",
      "sourceValid": true,
      "pass": true
    },
    {
      "questionId": "L018",
      "mutationClass": "ANSWER_TAMPER",
      "status": "DERIVED",
      "sourceValid": true,
      "pass": true
    },
    {
      "questionId": "L019",
      "mutationClass": "ANSWER_TAMPER",
      "status": "DERIVED",
      "sourceValid": true,
      "pass": true
    },
    {
      "questionId": "L020",
      "mutationClass": "ANSWER_TAMPER",
      "status": "DERIVED",
      "sourceValid": true,
      "pass": true
    },
    {
      "questionId": "L021",
      "mutationClass": "ANSWER_TAMPER",
      "status": "DERIVED",
      "sourceValid": true,
      "pass": true
    },
    {
      "questionId": "L022",
      "mutationClass": "ANSWER_TAMPER",
      "status": "DERIVED",
      "sourceValid": true,
      "pass": true
    },
    {
      "questionId": "L023",
      "mutationClass": "ANSWER_TAMPER",
      "status": "DERIVED",
      "sourceValid": true,
      "pass": true
    },
    {
      "questionId": "L024",
      "mutationClass": "ANSWER_TAMPER",
      "status": "DERIVED",
      "sourceValid": true,
      "pass": true
    },
    {
      "questionId": "L025",
      "mutationClass": "ANSWER_TAMPER",
      "status": "DERIVED",
      "sourceValid": true,
      "pass": true
    },
    {
      "questionId": "L026",
      "mutationClass": "ANSWER_TAMPER",
      "status": "DERIVED",
      "sourceValid": true,
      "pass": true
    },
    {
      "questionId": "L027",
      "mutationClass": "ANSWER_TAMPER",
      "status": "DERIVED",
      "sourceValid": true,
      "pass": true
    },
    {
      "questionId": "L028",
      "mutationClass": "ANSWER_TAMPER",
      "status": "DERIVED",
      "sourceValid": true,
      "pass": true
    },
    {
      "questionId": "L029",
      "mutationClass": "ANSWER_TAMPER",
      "status": "DERIVED",
      "sourceValid": true,
      "pass": true
    },
    {
      "questionId": "L030",
      "mutationClass": "ANSWER_TAMPER",
      "status": "DERIVED",
      "sourceValid": true,
      "pass": true
    },
    {
      "questionId": "L031",
      "mutationClass": "ANSWER_TAMPER",
      "status": "DERIVED",
      "sourceValid": true,
      "pass": true
    },
    {
      "questionId": "L032",
      "mutationClass": "ANSWER_TAMPER",
      "status": "DERIVED",
      "sourceValid": true,
      "pass": true
    },
    {
      "questionId": "L033",
      "mutationClass": "ANSWER_TAMPER",
      "status": "DERIVED",
      "sourceValid": true,
      "pass": true
    },
    {
      "questionId": "L034",
      "mutationClass": "ANSWER_TAMPER",
      "status": "DERIVED",
      "sourceValid": true,
      "pass": true
    },
    {
      "questionId": "L035",
      "mutationClass": "ANSWER_TAMPER",
      "status": "DERIVED",
      "sourceValid": true,
      "pass": true
    },
    {
      "questionId": "L036",
      "mutationClass": "ANSWER_TAMPER",
      "status": "DERIVED",
      "sourceValid": true,
      "pass": true
    },
    {
      "questionId": "L037",
      "mutationClass": "ANSWER_TAMPER",
      "status": "DERIVED",
      "sourceValid": true,
      "pass": true
    },
    {
      "questionId": "L038",
      "mutationClass": "ANSWER_TAMPER",
      "status": "DERIVED",
      "sourceValid": true,
      "pass": true
    },
    {
      "questionId": "L039",
      "mutationClass": "ANSWER_TAMPER",
      "status": "DERIVED",
      "sourceValid": true,
      "pass": true
    },
    {
      "questionId": "L040",
      "mutationClass": "ANSWER_TAMPER",
      "status": "DERIVED",
      "sourceValid": true,
      "pass": true
    },
    {
      "questionId": "L041",
      "mutationClass": "ANSWER_TAMPER",
      "status": "DERIVED",
      "sourceValid": true,
      "pass": true
    },
    {
      "questionId": "L042",
      "mutationClass": "ANSWER_TAMPER",
      "status": "DERIVED",
      "sourceValid": true,
      "pass": true
    },
    {
      "questionId": "L043",
      "mutationClass": "ANSWER_TAMPER",
      "status": "DERIVED",
      "sourceValid": true,
      "pass": true
    },
    {
      "questionId": "L044",
      "mutationClass": "ANSWER_TAMPER",
      "status": "DERIVED",
      "sourceValid": true,
      "pass": true
    },
    {
      "questionId": "L045",
      "mutationClass": "ANSWER_TAMPER",
      "status": "DERIVED",
      "sourceValid": true,
      "pass": true
    },
    {
      "questionId": "L046",
      "mutationClass": "ANSWER_TAMPER",
      "status": "DERIVED",
      "sourceValid": true,
      "pass": true
    },
    {
      "questionId": "L047",
      "mutationClass": "ANSWER_TAMPER",
      "status": "DERIVED",
      "sourceValid": true,
      "pass": true
    },
    {
      "questionId": "L048",
      "mutationClass": "ANSWER_TAMPER",
      "status": "DERIVED",
      "sourceValid": true,
      "pass": true
    },
    {
      "questionId": "L049",
      "mutationClass": "ANSWER_TAMPER",
      "status": "DERIVED",
      "sourceValid": true,
      "pass": true
    },
    {
      "questionId": "L050",
      "mutationClass": "ANSWER_TAMPER",
      "status": "DERIVED",
      "sourceValid": true,
      "pass": true
    },
    {
      "questionId": "T001",
      "mutationClass": "ANSWER_TAMPER",
      "status": "DERIVED",
      "sourceValid": true,
      "pass": true
    },
    {
      "questionId": "T002",
      "mutationClass": "ANSWER_TAMPER",
      "status": "DERIVED",
      "sourceValid": true,
      "pass": true
    },
    {
      "questionId": "T003",
      "mutationClass": "ANSWER_TAMPER",
      "status": "DERIVED",
      "sourceValid": true,
      "pass": true
    },
    {
      "questionId": "T004",
      "mutationClass": "ANSWER_TAMPER",
      "status": "DERIVED",
      "sourceValid": true,
      "pass": true
    },
    {
      "questionId": "T005",
      "mutationClass": "ANSWER_TAMPER",
      "status": "DERIVED",
      "sourceValid": true,
      "pass": true
    },
    {
      "questionId": "T006",
      "mutationClass": "ANSWER_TAMPER",
      "status": "DERIVED",
      "sourceValid": true,
      "pass": true
    },
    {
      "questionId": "T007",
      "mutationClass": "ANSWER_TAMPER",
      "status": "DERIVED",
      "sourceValid": true,
      "pass": true
    },
    {
      "questionId": "T008",
      "mutationClass": "ANSWER_TAMPER",
      "status": "DERIVED",
      "sourceValid": true,
      "pass": true
    },
    {
      "questionId": "T009",
      "mutationClass": "ANSWER_TAMPER",
      "status": "DERIVED",
      "sourceValid": true,
      "pass": true
    },
    {
      "questionId": "T010",
      "mutationClass": "ANSWER_TAMPER",
      "status": "DERIVED",
      "sourceValid": true,
      "pass": true
    },
    {
      "questionId": "T011",
      "mutationClass": "ANSWER_TAMPER",
      "status": "DERIVED",
      "sourceValid": true,
      "pass": true
    },
    {
      "questionId": "T012",
      "mutationClass": "ANSWER_TAMPER",
      "status": "DERIVED",
      "sourceValid": true,
      "pass": true
    },
    {
      "questionId": "T013",
      "mutationClass": "ANSWER_TAMPER",
      "status": "DERIVED",
      "sourceValid": true,
      "pass": true
    },
    {
      "questionId": "T014",
      "mutationClass": "ANSWER_TAMPER",
      "status": "DERIVED",
      "sourceValid": true,
      "pass": true
    },
    {
      "questionId": "T015",
      "mutationClass": "ANSWER_TAMPER",
      "status": "DERIVED",
      "sourceValid": true,
      "pass": true
    },
    {
      "questionId": "T016",
      "mutationClass": "ANSWER_TAMPER",
      "status": "DERIVED",
      "sourceValid": true,
      "pass": true
    },
    {
      "questionId": "T017",
      "mutationClass": "ANSWER_TAMPER",
      "status": "DERIVED",
      "sourceValid": true,
      "pass": true
    },
    {
      "questionId": "T018",
      "mutationClass": "ANSWER_TAMPER",
      "status": "DERIVED",
      "sourceValid": true,
      "pass": true
    },
    {
      "questionId": "T019",
      "mutationClass": "ANSWER_TAMPER",
      "status": "DERIVED",
      "sourceValid": true,
      "pass": true
    },
    {
      "questionId": "T020",
      "mutationClass": "ANSWER_TAMPER",
      "status": "DERIVED",
      "sourceValid": true,
      "pass": true
    },
    {
      "questionId": "T021",
      "mutationClass": "ANSWER_TAMPER",
      "status": "DERIVED",
      "sourceValid": true,
      "pass": true
    },
    {
      "questionId": "T022",
      "mutationClass": "ANSWER_TAMPER",
      "status": "DERIVED",
      "sourceValid": true,
      "pass": true
    },
    {
      "questionId": "T023",
      "mutationClass": "ANSWER_TAMPER",
      "status": "DERIVED",
      "sourceValid": true,
      "pass": true
    },
    {
      "questionId": "T024",
      "mutationClass": "ANSWER_TAMPER",
      "status": "DERIVED",
      "sourceValid": true,
      "pass": true
    },
    {
      "questionId": "T025",
      "mutationClass": "ANSWER_TAMPER",
      "status": "DERIVED",
      "sourceValid": true,
      "pass": true
    },
    {
      "questionId": "T026",
      "mutationClass": "ANSWER_TAMPER",
      "status": "DERIVED",
      "sourceValid": true,
      "pass": true
    },
    {
      "questionId": "T027",
      "mutationClass": "ANSWER_TAMPER",
      "status": "DERIVED",
      "sourceValid": true,
      "pass": true
    },
    {
      "questionId": "T028",
      "mutationClass": "ANSWER_TAMPER",
      "status": "DERIVED",
      "sourceValid": true,
      "pass": true
    },
    {
      "questionId": "T029",
      "mutationClass": "ANSWER_TAMPER",
      "status": "DERIVED",
      "sourceValid": true,
      "pass": true
    },
    {
      "questionId": "T030",
      "mutationClass": "ANSWER_TAMPER",
      "status": "DERIVED",
      "sourceValid": true,
      "pass": true
    },
    {
      "questionId": "T031",
      "mutationClass": "ANSWER_TAMPER",
      "status": "DERIVED",
      "sourceValid": true,
      "pass": true
    },
    {
      "questionId": "T032",
      "mutationClass": "ANSWER_TAMPER",
      "status": "DERIVED",
      "sourceValid": true,
      "pass": true
    },
    {
      "questionId": "T033",
      "mutationClass": "ANSWER_TAMPER",
      "status": "DERIVED",
      "sourceValid": true,
      "pass": true
    },
    {
      "questionId": "T034",
      "mutationClass": "ANSWER_TAMPER",
      "status": "DERIVED",
      "sourceValid": true,
      "pass": true
    },
    {
      "questionId": "T035",
      "mutationClass": "ANSWER_TAMPER",
      "status": "DERIVED",
      "sourceValid": true,
      "pass": true
    },
    {
      "questionId": "T036",
      "mutationClass": "ANSWER_TAMPER",
      "status": "DERIVED",
      "sourceValid": true,
      "pass": true
    },
    {
      "questionId": "T037",
      "mutationClass": "ANSWER_TAMPER",
      "status": "DERIVED",
      "sourceValid": true,
      "pass": true
    },
    {
      "questionId": "T038",
      "mutationClass": "ANSWER_TAMPER",
      "status": "DERIVED",
      "sourceValid": true,
      "pass": true
    },
    {
      "questionId": "T039",
      "mutationClass": "ANSWER_TAMPER",
      "status": "DERIVED",
      "sourceValid": true,
      "pass": true
    },
    {
      "questionId": "T040",
      "mutationClass": "ANSWER_TAMPER",
      "status": "DERIVED",
      "sourceValid": true,
      "pass": true
    },
    {
      "questionId": "E001",
      "mutationClass": "ANSWER_TAMPER",
      "status": "DERIVED",
      "sourceValid": true,
      "pass": true
    },
    {
      "questionId": "E002",
      "mutationClass": "ANSWER_TAMPER",
      "status": "DERIVED",
      "sourceValid": true,
      "pass": true
    },
    {
      "questionId": "E003",
      "mutationClass": "ANSWER_TAMPER",
      "status": "DERIVED",
      "sourceValid": true,
      "pass": true
    },
    {
      "questionId": "E004",
      "mutationClass": "ANSWER_TAMPER",
      "status": "DERIVED",
      "sourceValid": true,
      "pass": true
    },
    {
      "questionId": "E005",
      "mutationClass": "ANSWER_TAMPER",
      "status": "DERIVED",
      "sourceValid": true,
      "pass": true
    },
    {
      "questionId": "E006",
      "mutationClass": "ANSWER_TAMPER",
      "status": "DERIVED",
      "sourceValid": true,
      "pass": true
    },
    {
      "questionId": "E007",
      "mutationClass": "ANSWER_TAMPER",
      "status": "DERIVED",
      "sourceValid": true,
      "pass": true
    },
    {
      "questionId": "E008",
      "mutationClass": "ANSWER_TAMPER",
      "status": "DERIVED",
      "sourceValid": true,
      "pass": true
    },
    {
      "questionId": "E009",
      "mutationClass": "ANSWER_TAMPER",
      "status": "DERIVED",
      "sourceValid": true,
      "pass": true
    },
    {
      "questionId": "E010",
      "mutationClass": "ANSWER_TAMPER",
      "status": "DERIVED",
      "sourceValid": true,
      "pass": true
    },
    {
      "questionId": "E011",
      "mutationClass": "ANSWER_TAMPER",
      "status": "DERIVED",
      "sourceValid": true,
      "pass": true
    },
    {
      "questionId": "E012",
      "mutationClass": "ANSWER_TAMPER",
      "status": "DERIVED",
      "sourceValid": true,
      "pass": true
    },
    {
      "questionId": "E013",
      "mutationClass": "ANSWER_TAMPER",
      "status": "DERIVED",
      "sourceValid": true,
      "pass": true
    },
    {
      "questionId": "E014",
      "mutationClass": "ANSWER_TAMPER",
      "status": "DERIVED",
      "sourceValid": true,
      "pass": true
    },
    {
      "questionId": "E015",
      "mutationClass": "ANSWER_TAMPER",
      "status": "DERIVED",
      "sourceValid": true,
      "pass": true
    },
    {
      "questionId": "E016",
      "mutationClass": "ANSWER_TAMPER",
      "status": "DERIVED",
      "sourceValid": true,
      "pass": true
    },
    {
      "questionId": "E017",
      "mutationClass": "ANSWER_TAMPER",
      "status": "DERIVED",
      "sourceValid": true,
      "pass": true
    },
    {
      "questionId": "E018",
      "mutationClass": "ANSWER_TAMPER",
      "status": "DERIVED",
      "sourceValid": true,
      "pass": true
    },
    {
      "questionId": "E019",
      "mutationClass": "ANSWER_TAMPER",
      "status": "DERIVED",
      "sourceValid": true,
      "pass": true
    },
    {
      "questionId": "E020",
      "mutationClass": "ANSWER_TAMPER",
      "status": "DERIVED",
      "sourceValid": true,
      "pass": true
    },
    {
      "questionId": "D001",
      "mutationClass": "ANSWER_TAMPER",
      "status": "DERIVED",
      "sourceValid": true,
      "pass": true
    },
    {
      "questionId": "D002",
      "mutationClass": "ANSWER_TAMPER",
      "status": "DERIVED",
      "sourceValid": true,
      "pass": true
    },
    {
      "questionId": "D003",
      "mutationClass": "ANSWER_TAMPER",
      "status": "DERIVED",
      "sourceValid": true,
      "pass": true
    },
    {
      "questionId": "D004",
      "mutationClass": "ANSWER_TAMPER",
      "status": "DERIVED",
      "sourceValid": true,
      "pass": true
    },
    {
      "questionId": "D005",
      "mutationClass": "ANSWER_TAMPER",
      "status": "DERIVED",
      "sourceValid": true,
      "pass": true
    },
    {
      "questionId": "D006",
      "mutationClass": "ANSWER_TAMPER",
      "status": "DERIVED",
      "sourceValid": true,
      "pass": true
    },
    {
      "questionId": "D007",
      "mutationClass": "ANSWER_TAMPER",
      "status": "DERIVED",
      "sourceValid": true,
      "pass": true
    },
    {
      "questionId": "D008",
      "mutationClass": "ANSWER_TAMPER",
      "status": "DERIVED",
      "sourceValid": true,
      "pass": true
    },
    {
      "questionId": "D009",
      "mutationClass": "ANSWER_TAMPER",
      "status": "DERIVED",
      "sourceValid": true,
      "pass": true
    },
    {
      "questionId": "D010",
      "mutationClass": "ANSWER_TAMPER",
      "status": "DERIVED",
      "sourceValid": true,
      "pass": true
    },
    {
      "questionId": "D011",
      "mutationClass": "ANSWER_TAMPER",
      "status": "DERIVED",
      "sourceValid": true,
      "pass": true
    },
    {
      "questionId": "D012",
      "mutationClass": "ANSWER_TAMPER",
      "status": "DERIVED",
      "sourceValid": true,
      "pass": true
    },
    {
      "questionId": "D013",
      "mutationClass": "ANSWER_TAMPER",
      "status": "DERIVED",
      "sourceValid": true,
      "pass": true
    },
    {
      "questionId": "D014",
      "mutationClass": "ANSWER_TAMPER",
      "status": "DERIVED",
      "sourceValid": true,
      "pass": true
    },
    {
      "questionId": "D015",
      "mutationClass": "ANSWER_TAMPER",
      "status": "DERIVED",
      "sourceValid": true,
      "pass": true
    },
    {
      "questionId": "D016",
      "mutationClass": "ANSWER_TAMPER",
      "status": "DERIVED",
      "sourceValid": true,
      "pass": true
    },
    {
      "questionId": "D017",
      "mutationClass": "ANSWER_TAMPER",
      "status": "DERIVED",
      "sourceValid": true,
      "pass": true
    },
    {
      "questionId": "D018",
      "mutationClass": "ANSWER_TAMPER",
      "status": "DERIVED",
      "sourceValid": true,
      "pass": true
    },
    {
      "questionId": "D019",
      "mutationClass": "ANSWER_TAMPER",
      "status": "DERIVED",
      "sourceValid": true,
      "pass": true
    },
    {
      "questionId": "D020",
      "mutationClass": "ANSWER_TAMPER",
      "status": "DERIVED",
      "sourceValid": true,
      "pass": true
    },
    {
      "questionId": "F001",
      "mutationClass": "ANSWER_TAMPER",
      "status": "DERIVED",
      "sourceValid": true,
      "pass": true
    },
    {
      "questionId": "F002",
      "mutationClass": "ANSWER_TAMPER",
      "status": "DERIVED",
      "sourceValid": true,
      "pass": true
    },
    {
      "questionId": "F003",
      "mutationClass": "ANSWER_TAMPER",
      "status": "DERIVED",
      "sourceValid": true,
      "pass": true
    },
    {
      "questionId": "F004",
      "mutationClass": "ANSWER_TAMPER",
      "status": "DERIVED",
      "sourceValid": true,
      "pass": true
    },
    {
      "questionId": "F005",
      "mutationClass": "ANSWER_TAMPER",
      "status": "DERIVED",
      "sourceValid": true,
      "pass": true
    },
    {
      "questionId": "F006",
      "mutationClass": "ANSWER_TAMPER",
      "status": "DERIVED",
      "sourceValid": true,
      "pass": true
    },
    {
      "questionId": "F007",
      "mutationClass": "ANSWER_TAMPER",
      "status": "DERIVED",
      "sourceValid": true,
      "pass": true
    },
    {
      "questionId": "F008",
      "mutationClass": "ANSWER_TAMPER",
      "status": "DERIVED",
      "sourceValid": true,
      "pass": true
    },
    {
      "questionId": "F009",
      "mutationClass": "ANSWER_TAMPER",
      "status": "DERIVED",
      "sourceValid": true,
      "pass": true
    },
    {
      "questionId": "F010",
      "mutationClass": "ANSWER_TAMPER",
      "status": "DERIVED",
      "sourceValid": true,
      "pass": true
    },
    {
      "questionId": "C001",
      "mutationClass": "ANSWER_TAMPER",
      "status": "DERIVED",
      "sourceValid": true,
      "pass": true
    },
    {
      "questionId": "C002",
      "mutationClass": "ANSWER_TAMPER",
      "status": "DERIVED",
      "sourceValid": true,
      "pass": true
    },
    {
      "questionId": "C003",
      "mutationClass": "ANSWER_TAMPER",
      "status": "DERIVED",
      "sourceValid": true,
      "pass": true
    },
    {
      "questionId": "C004",
      "mutationClass": "ANSWER_TAMPER",
      "status": "DERIVED",
      "sourceValid": true,
      "pass": true
    },
    {
      "questionId": "C005",
      "mutationClass": "ANSWER_TAMPER",
      "status": "DERIVED",
      "sourceValid": true,
      "pass": true
    },
    {
      "questionId": "C006",
      "mutationClass": "ANSWER_TAMPER",
      "status": "DERIVED",
      "sourceValid": true,
      "pass": true
    },
    {
      "questionId": "C007",
      "mutationClass": "ANSWER_TAMPER",
      "status": "DERIVED",
      "sourceValid": true,
      "pass": true
    },
    {
      "questionId": "C008",
      "mutationClass": "ANSWER_TAMPER",
      "status": "DERIVED",
      "sourceValid": true,
      "pass": true
    },
    {
      "questionId": "C009",
      "mutationClass": "ANSWER_TAMPER",
      "status": "DERIVED",
      "sourceValid": true,
      "pass": true
    },
    {
      "questionId": "C010",
      "mutationClass": "ANSWER_TAMPER",
      "status": "DERIVED",
      "sourceValid": true,
      "pass": true
    }
  ]
}
{
  "actualCandidateCount": 74,
  "actualCandidateIds": [
    "J128",
    "J129",
    "J130",
    "J131",
    "J132",
    "J133",
    "J134",
    "J135",
    "J136",
    "J137",
    "J138",
    "J139",
    "J140",
    "J141",
    "J142",
    "J143",
    "J144",
    "J145",
    "J146",
    "J147",
    "L033",
    "L034",
    "L035",
    "L036",
    "L037",
    "L038",
    "L039",
    "L040",
    "L041",
    "L042",
    "L043",
    "L044",
    "L045",
    "L046",
    "L047",
    "L048",
    "L049",
    "L050",
    "T033",
    "T034",
    "T035",
    "T036",
    "T037",
    "T038",
    "T039",
    "T040",
    "E015",
    "E016",
    "E017",
    "E018",
    "E019",
    "E020",
    "D013",
    "D014",
    "D015",
    "D016",
    "D017",
    "D018",
    "D019",
    "D020",
    "F001",
    "F002",
    "F003",
    "F008",
    "F009",
    "F010",
    "C001",
    "C002",
    "C003",
    "C006",
    "C007",
    "C008",
    "C009",
    "C010"
  ],
  "attemptCountAudited": 20,
  "uniqueExactSets": 20,
  "uniqueStructuralSets": 20,
  "poolConsistent": true,
  "attempts": [
    {
      "attempt": 0,
      "questionIds": [
        "J128",
        "J129",
        "J130",
        "J131",
        "J132",
        "L033",
        "L034",
        "T033",
        "T034",
        "E015",
        "E016",
        "D013",
        "D014",
        "F001",
        "C001"
      ],
      "structuralSignatures": [
        "{\"concept\":\"給与\",\"bookType\":\"\",\"materialSchema\":[],\"inputSchema\":[],\"reasoningPath\":[\"transaction-recognition\",\"double-entry\",\"single-step\"],\"numberOfSteps\":3,\"businessContext\":\"9月・証憑監査\"}",
        "{\"concept\":\"預り金納付\",\"bookType\":\"\",\"materialSchema\":[],\"inputSchema\":[],\"reasoningPath\":[\"transaction-recognition\",\"double-entry\",\"single-step\"],\"numberOfSteps\":3,\"businessContext\":\"9月・証憑監査\"}",
        "{\"concept\":\"法定福利費\",\"bookType\":\"\",\"materialSchema\":[],\"inputSchema\":[],\"reasoningPath\":[\"transaction-recognition\",\"double-entry\",\"single-step\"],\"numberOfSteps\":3,\"businessContext\":\"9月・証憑監査\"}",
        "{\"concept\":\"水道光熱費\",\"bookType\":\"\",\"materialSchema\":[],\"inputSchema\":[],\"reasoningPath\":[\"transaction-recognition\",\"double-entry\",\"single-step\"],\"numberOfSteps\":3,\"businessContext\":\"9月・証憑監査\"}",
        "{\"concept\":\"収入印紙\",\"bookType\":\"\",\"materialSchema\":[],\"inputSchema\":[],\"reasoningPath\":[\"transaction-recognition\",\"double-entry\",\"single-step\"],\"numberOfSteps\":3,\"businessContext\":\"9月・証憑監査\"}",
        "{\"concept\":\"固定資産台帳（月割・売却）\",\"bookType\":\"固定資産台帳（月割・売却）\",\"materialSchema\":[\"取得原価\",\"取得日\",\"証憑\"],\"inputSchema\":[\"date\",\"amount\",\"amount\",\"amount\"],\"reasoningPath\":[\"記帳対象選別\",\"日付順整列\",\"帳簿転記\",\"検算\",\"取得と期末簿価\"],\"numberOfSteps\":5,\"businessContext\":\"証憑から本試験帳簿\"}",
        "{\"concept\":\"仕訳帳\",\"bookType\":\"仕訳帳\",\"materialSchema\":[\"内容\",\"日付\",\"証憑\"],\"inputSchema\":[\"date\",\"text\",\"folio\",\"amount\",\"amount\"],\"reasoningPath\":[\"記帳対象選別\",\"日付順整列\",\"帳簿転記\",\"検算\",\"複合仕訳\"],\"numberOfSteps\":5,\"businessContext\":\"証憑から本試験帳簿\"}",
        "{\"concept\":\"残高試算表\",\"bookType\":\"\",\"materialSchema\":[],\"inputSchema\":[\"amount\",\"amount\"],\"reasoningPath\":[\"transaction-recognition\",\"trial_balance\",\"single-step\"],\"numberOfSteps\":3,\"businessContext\":\"1月・年度決算\"}",
        "{\"concept\":\"残高試算表\",\"bookType\":\"\",\"materialSchema\":[],\"inputSchema\":[\"amount\",\"amount\"],\"reasoningPath\":[\"transaction-recognition\",\"trial_balance\",\"single-step\"],\"numberOfSteps\":3,\"businessContext\":\"1月・年度決算\"}",
        "{\"concept\":\"記帳訂正\",\"bookType\":\"記帳訂正\",\"materialSchema\":[\"evidence\",\"recorded\"],\"inputSchema\":[\"account\",\"amount\",\"account\",\"amount\"],\"reasoningPath\":[\"source-selection\",\"correction\",\"訂正\",\"multi-step\"],\"numberOfSteps\":4,\"businessContext\":\"2月・取締役会報告\"}",
        "{\"concept\":\"記帳訂正\",\"bookType\":\"記帳訂正\",\"materialSchema\":[\"evidence\",\"recorded\"],\"inputSchema\":[\"account\",\"amount\",\"account\",\"amount\"],\"reasoningPath\":[\"source-selection\",\"correction\",\"訂正\",\"multi-step\"],\"numberOfSteps\":4,\"businessContext\":\"2月・取締役会報告\"}",
        "{\"concept\":\"決算整理・計算問題\",\"bookType\":\"\",\"materialSchema\":[],\"inputSchema\":[\"amount\",\"amount\",\"amount\",\"amount\"],\"reasoningPath\":[\"transaction-recognition\",\"worksheet\",\"減価償却\",\"multi-step\"],\"numberOfSteps\":4,\"businessContext\":\"2月・取締役会報告\"}",
        "{\"concept\":\"決算整理・計算問題\",\"bookType\":\"\",\"materialSchema\":[],\"inputSchema\":[\"amount\",\"amount\",\"amount\",\"amount\"],\"reasoningPath\":[\"transaction-recognition\",\"worksheet\",\"減価償却\",\"multi-step\"],\"numberOfSteps\":4,\"businessContext\":\"2月・取締役会報告\"}",
        "{\"concept\":\"損益計算書\",\"bookType\":\"\",\"materialSchema\":[\"勘定科目\",\"区分\",\"金額\"],\"inputSchema\":[\"amount\",\"amount\",\"amount\",\"amount\"],\"reasoningPath\":[\"source-selection\",\"income-statement\",\"減価償却\",\"multi-step\"],\"numberOfSteps\":4,\"businessContext\":\"3月・最後の決算\"}",
        "{\"concept\":\"統合決算A（棚卸・貸倒・月割）\",\"bookType\":\"\",\"materialSchema\":[\"借方\",\"借方合計\",\"内容\",\"貸方\",\"貸方合計\",\"資料区分\"],\"inputSchema\":[\"amount\",\"amount\",\"amount\",\"amount\",\"amount\",\"amount\",\"amount\",\"amount\",\"amount\",\"amount\"],\"reasoningPath\":[\"source-selection\",\"exam-question-3\",\"貸倒\",\"減価償却\",\"月割\",\"multi-step\"],\"numberOfSteps\":6,\"businessContext\":\"3月・最後の決算\"}"
      ]
    },
    {
      "attempt": 1,
      "questionIds": [
        "J133",
        "J134",
        "J135",
        "J136",
        "J137",
        "L035",
        "L036",
        "T035",
        "T036",
        "E017",
        "E018",
        "D015",
        "D016",
        "F002",
        "C002"
      ],
      "structuralSignatures": [
        "{\"concept\":\"貸付金\",\"bookType\":\"\",\"materialSchema\":[],\"inputSchema\":[],\"reasoningPath\":[\"transaction-recognition\",\"double-entry\",\"single-step\"],\"numberOfSteps\":3,\"businessContext\":\"9月・証憑監査\"}",
        "{\"concept\":\"償却債権取立益\",\"bookType\":\"\",\"materialSchema\":[],\"inputSchema\":[],\"reasoningPath\":[\"transaction-recognition\",\"double-entry\",\"貸倒\",\"single-step\"],\"numberOfSteps\":4,\"businessContext\":\"9月・証憑監査\"}",
        "{\"concept\":\"法人税等\",\"bookType\":\"\",\"materialSchema\":[],\"inputSchema\":[],\"reasoningPath\":[\"transaction-recognition\",\"double-entry\",\"single-step\"],\"numberOfSteps\":3,\"businessContext\":\"9月・証憑監査\"}",
        "{\"concept\":\"受取商品券\",\"bookType\":\"\",\"materialSchema\":[],\"inputSchema\":[],\"reasoningPath\":[\"transaction-recognition\",\"double-entry\",\"single-step\"],\"numberOfSteps\":3,\"businessContext\":\"9月・証憑監査\"}",
        "{\"concept\":\"未収入金\",\"bookType\":\"\",\"materialSchema\":[],\"inputSchema\":[],\"reasoningPath\":[\"transaction-recognition\",\"double-entry\",\"減価償却\",\"single-step\"],\"numberOfSteps\":4,\"businessContext\":\"9月・証憑監査\"}",
        "{\"concept\":\"受取手形記入帳\",\"bookType\":\"受取手形記入帳\",\"materialSchema\":[\"振出人\",\"支払場所\",\"日付\",\"満期日\",\"種類\",\"金額\"],\"inputSchema\":[\"date\",\"date\",\"text\",\"amount\"],\"reasoningPath\":[\"記帳対象選別\",\"日付順整列\",\"帳簿転記\",\"検算\",\"選別と三件満期\"],\"numberOfSteps\":5,\"businessContext\":\"証憑から本試験帳簿\"}",
        "{\"concept\":\"支払手形記入帳\",\"bookType\":\"支払手形記入帳\",\"materialSchema\":[\"受取人\",\"摘要\",\"日付\",\"満期日\",\"種類\",\"金額\"],\"inputSchema\":[\"date\",\"date\",\"text\",\"amount\"],\"reasoningPath\":[\"記帳対象選別\",\"日付順整列\",\"帳簿転記\",\"検算\",\"更新手形と二件\"],\"numberOfSteps\":5,\"businessContext\":\"証憑から本試験帳簿\"}",
        "{\"concept\":\"残高試算表\",\"bookType\":\"\",\"materialSchema\":[],\"inputSchema\":[\"amount\",\"amount\"],\"reasoningPath\":[\"transaction-recognition\",\"trial_balance\",\"single-step\"],\"numberOfSteps\":3,\"businessContext\":\"1月・年度決算\"}",
        "{\"concept\":\"残高試算表\",\"bookType\":\"\",\"materialSchema\":[],\"inputSchema\":[\"amount\",\"amount\"],\"reasoningPath\":[\"transaction-recognition\",\"trial_balance\",\"single-step\"],\"numberOfSteps\":3,\"businessContext\":\"1月・年度決算\"}",
        "{\"concept\":\"記帳訂正\",\"bookType\":\"記帳訂正\",\"materialSchema\":[\"evidence\",\"recorded\"],\"inputSchema\":[\"account\",\"amount\",\"account\",\"amount\"],\"reasoningPath\":[\"source-selection\",\"correction\",\"訂正\",\"multi-step\"],\"numberOfSteps\":4,\"businessContext\":\"2月・取締役会報告\"}",
        "{\"concept\":\"記帳訂正\",\"bookType\":\"記帳訂正\",\"materialSchema\":[\"evidence\",\"recorded\"],\"inputSchema\":[\"account\",\"amount\",\"account\",\"amount\"],\"reasoningPath\":[\"source-selection\",\"correction\",\"訂正\",\"multi-step\"],\"numberOfSteps\":4,\"businessContext\":\"2月・取締役会報告\"}",
        "{\"concept\":\"決算整理・計算問題\",\"bookType\":\"\",\"materialSchema\":[],\"inputSchema\":[\"amount\",\"amount\",\"amount\",\"amount\"],\"reasoningPath\":[\"transaction-recognition\",\"worksheet\",\"減価償却\",\"multi-step\"],\"numberOfSteps\":4,\"businessContext\":\"2月・取締役会報告\"}",
        "{\"concept\":\"決算整理・計算問題\",\"bookType\":\"\",\"materialSchema\":[],\"inputSchema\":[\"amount\",\"amount\",\"amount\",\"amount\"],\"reasoningPath\":[\"transaction-recognition\",\"worksheet\",\"減価償却\",\"multi-step\"],\"numberOfSteps\":4,\"businessContext\":\"3月・最後の決算\"}",
        "{\"concept\":\"貸借対照表\",\"bookType\":\"\",\"materialSchema\":[],\"inputSchema\":[\"amount\",\"amount\",\"amount\"],\"reasoningPath\":[\"transaction-recognition\",\"balance-sheet\",\"multi-step\"],\"numberOfSteps\":3,\"businessContext\":\"3月・最後の決算\"}",
        "{\"concept\":\"統合決算B（訂正・消費税・現金過不足）\",\"bookType\":\"\",\"materialSchema\":[\"内容\",\"資料区分\"],\"inputSchema\":[\"amount\",\"amount\",\"amount\",\"amount\",\"amount\",\"amount\",\"amount\",\"amount\",\"amount\",\"amount\",\"amount\",\"amount\"],\"reasoningPath\":[\"source-selection\",\"exam-question-3\",\"消費税\",\"減価償却\",\"訂正\",\"multi-step\"],\"numberOfSteps\":6,\"businessContext\":\"3月・最後の決算\"}"
      ]
    },
    {
      "attempt": 2,
      "questionIds": [
        "J138",
        "J139",
        "J140",
        "J141",
        "J142",
        "L037",
        "L038",
        "T037",
        "T038",
        "E019",
        "E020",
        "D017",
        "D018",
        "F003",
        "C003"
      ],
      "structuralSignatures": [
        "{\"concept\":\"訂正仕訳\",\"bookType\":\"\",\"materialSchema\":[],\"inputSchema\":[],\"reasoningPath\":[\"transaction-recognition\",\"double-entry\",\"訂正\",\"single-step\"],\"numberOfSteps\":4,\"businessContext\":\"9月・証憑監査\"}",
        "{\"concept\":\"訂正仕訳\",\"bookType\":\"\",\"materialSchema\":[],\"inputSchema\":[],\"reasoningPath\":[\"transaction-recognition\",\"double-entry\",\"訂正\",\"single-step\"],\"numberOfSteps\":4,\"businessContext\":\"9月・証憑監査\"}",
        "{\"concept\":\"未記帳取引\",\"bookType\":\"未記帳取引\",\"materialSchema\":[],\"inputSchema\":[],\"reasoningPath\":[\"transaction-recognition\",\"double-entry\",\"single-step\"],\"numberOfSteps\":3,\"businessContext\":\"9月・証憑監査\"}",
        "{\"concept\":\"前払費用\",\"bookType\":\"\",\"materialSchema\":[],\"inputSchema\":[],\"reasoningPath\":[\"transaction-recognition\",\"double-entry\",\"single-step\"],\"numberOfSteps\":3,\"businessContext\":\"9月・証憑監査\"}",
        "{\"concept\":\"未払費用\",\"bookType\":\"\",\"materialSchema\":[],\"inputSchema\":[],\"reasoningPath\":[\"transaction-recognition\",\"double-entry\",\"single-step\"],\"numberOfSteps\":3,\"businessContext\":\"9月・証憑監査\"}",
        "{\"concept\":\"総勘定元帳（売掛金）\",\"bookType\":\"総勘定元帳（売掛金）\",\"materialSchema\":[\"借方\",\"取引\",\"日付\",\"相手勘定\",\"貸方\"],\"inputSchema\":[\"date\",\"text\",\"text\",\"amount\"],\"reasoningPath\":[\"記帳対象選別\",\"日付順整列\",\"帳簿転記\",\"検算\",\"個別転記\"],\"numberOfSteps\":5,\"businessContext\":\"証憑から本試験帳簿\"}",
        "{\"concept\":\"総勘定元帳（買掛金）\",\"bookType\":\"総勘定元帳（買掛金）\",\"materialSchema\":[\"取引\",\"増加\",\"日付\",\"減少\",\"相手勘定\"],\"inputSchema\":[\"date\",\"text\",\"text\",\"amount\"],\"reasoningPath\":[\"記帳対象選別\",\"日付順整列\",\"帳簿転記\",\"検算\",\"複数転記と残高方向\"],\"numberOfSteps\":5,\"businessContext\":\"証憑から本試験帳簿\"}",
        "{\"concept\":\"残高試算表\",\"bookType\":\"\",\"materialSchema\":[],\"inputSchema\":[\"amount\",\"amount\"],\"reasoningPath\":[\"transaction-recognition\",\"trial_balance\",\"single-step\"],\"numberOfSteps\":3,\"businessContext\":\"1月・年度決算\"}",
        "{\"concept\":\"残高試算表\",\"bookType\":\"\",\"materialSchema\":[],\"inputSchema\":[\"amount\",\"amount\"],\"reasoningPath\":[\"transaction-recognition\",\"trial_balance\",\"single-step\"],\"numberOfSteps\":3,\"businessContext\":\"1月・年度決算\"}",
        "{\"concept\":\"記帳訂正\",\"bookType\":\"記帳訂正\",\"materialSchema\":[\"evidence\",\"recorded\"],\"inputSchema\":[\"account\",\"amount\",\"account\",\"amount\"],\"reasoningPath\":[\"source-selection\",\"correction\",\"訂正\",\"multi-step\"],\"numberOfSteps\":4,\"businessContext\":\"2月・取締役会報告\"}",
        "{\"concept\":\"記帳訂正\",\"bookType\":\"記帳訂正\",\"materialSchema\":[\"evidence\",\"recorded\"],\"inputSchema\":[\"account\",\"amount\",\"account\",\"amount\"],\"reasoningPath\":[\"source-selection\",\"correction\",\"訂正\",\"multi-step\"],\"numberOfSteps\":4,\"businessContext\":\"2月・取締役会報告\"}",
        "{\"concept\":\"決算整理・計算問題\",\"bookType\":\"\",\"materialSchema\":[],\"inputSchema\":[\"amount\",\"amount\",\"amount\",\"amount\"],\"reasoningPath\":[\"transaction-recognition\",\"worksheet\",\"減価償却\",\"multi-step\"],\"numberOfSteps\":4,\"businessContext\":\"3月・最後の決算\"}",
        "{\"concept\":\"決算整理・計算問題\",\"bookType\":\"\",\"materialSchema\":[],\"inputSchema\":[\"amount\",\"amount\",\"amount\",\"amount\"],\"reasoningPath\":[\"transaction-recognition\",\"worksheet\",\"減価償却\",\"multi-step\"],\"numberOfSteps\":4,\"businessContext\":\"3月・最後の決算\"}",
        "{\"concept\":\"貸借対照表\",\"bookType\":\"\",\"materialSchema\":[],\"inputSchema\":[\"amount\",\"amount\",\"amount\"],\"reasoningPath\":[\"transaction-recognition\",\"balance-sheet\",\"multi-step\"],\"numberOfSteps\":3,\"businessContext\":\"3月・最後の決算\"}",
        "{\"concept\":\"統合決算C（経過勘定・固定資産・貸倒）\",\"bookType\":\"\",\"materialSchema\":[\"内容\",\"資料区分\"],\"inputSchema\":[\"amount\",\"amount\",\"amount\",\"amount\",\"amount\",\"amount\",\"amount\",\"amount\",\"amount\",\"amount\"],\"reasoningPath\":[\"source-selection\",\"exam-question-3\",\"貸倒\",\"減価償却\",\"月割\",\"multi-step\"],\"numberOfSteps\":6,\"businessContext\":\"3月・最後の決算\"}"
      ]
    },
    {
      "attempt": 3,
      "questionIds": [
        "J143",
        "J144",
        "J145",
        "J146",
        "J147",
        "L039",
        "L040",
        "T039",
        "T040",
        "E015",
        "E016",
        "D019",
        "D020",
        "F008",
        "C006"
      ],
      "structuralSignatures": [
        "{\"concept\":\"前受収益\",\"bookType\":\"\",\"materialSchema\":[],\"inputSchema\":[],\"reasoningPath\":[\"transaction-recognition\",\"double-entry\",\"single-step\"],\"numberOfSteps\":3,\"businessContext\":\"9月・証憑監査\"}",
        "{\"concept\":\"未収収益\",\"bookType\":\"\",\"materialSchema\":[],\"inputSchema\":[],\"reasoningPath\":[\"transaction-recognition\",\"double-entry\",\"single-step\"],\"numberOfSteps\":3,\"businessContext\":\"9月・証憑監査\"}",
        "{\"concept\":\"貸倒引当金\",\"bookType\":\"\",\"materialSchema\":[\"取引内容\",\"資料種別\"],\"inputSchema\":[],\"reasoningPath\":[\"source-selection\",\"double-entry\",\"貸倒\",\"single-step\"],\"numberOfSteps\":4,\"businessContext\":\"9月・証憑監査\"}",
        "{\"concept\":\"貸倒れ\",\"bookType\":\"\",\"materialSchema\":[\"取引内容\",\"資料種別\"],\"inputSchema\":[],\"reasoningPath\":[\"source-selection\",\"double-entry\",\"貸倒\",\"single-step\"],\"numberOfSteps\":4,\"businessContext\":\"9月・証憑監査\"}",
        "{\"concept\":\"当座借越\",\"bookType\":\"\",\"materialSchema\":[\"取引内容\",\"資料種別\"],\"inputSchema\":[],\"reasoningPath\":[\"source-selection\",\"double-entry\",\"single-step\"],\"numberOfSteps\":3,\"businessContext\":\"9月・証憑監査\"}",
        "{\"concept\":\"支払利息勘定（複数年度・再振替）\",\"bookType\":\"\",\"materialSchema\":[\"取引\",\"日付\"],\"inputSchema\":[\"amount\",\"amount\",\"amount\",\"amount\",\"amount\",\"amount\"],\"reasoningPath\":[\"source-selection\",\"ledger\",\"multi-step\"],\"numberOfSteps\":3,\"businessContext\":\"11月・社長の緊急質問\"}",
        "{\"concept\":\"固定資産台帳（月割・途中売却）\",\"bookType\":\"固定資産台帳（月割・途中売却）\",\"materialSchema\":[\"取得原価\",\"取得日\",\"売却価額\",\"売却日\",\"決算日\",\"資産\"],\"inputSchema\":[\"amount\",\"amount\",\"amount\",\"amount\",\"amount\",\"amount\"],\"reasoningPath\":[\"source-selection\",\"ledger\",\"減価償却\",\"月割\",\"multi-step\"],\"numberOfSteps\":5,\"businessContext\":\"11月・社長の緊急質問\"}",
        "{\"concept\":\"残高試算表\",\"bookType\":\"\",\"materialSchema\":[],\"inputSchema\":[\"amount\",\"amount\"],\"reasoningPath\":[\"transaction-recognition\",\"trial_balance\",\"single-step\"],\"numberOfSteps\":3,\"businessContext\":\"1月・年度決算\"}",
        "{\"concept\":\"残高試算表\",\"bookType\":\"\",\"materialSchema\":[],\"inputSchema\":[\"amount\",\"amount\"],\"reasoningPath\":[\"transaction-recognition\",\"trial_balance\",\"single-step\"],\"numberOfSteps\":3,\"businessContext\":\"1月・年度決算\"}",
        "{\"concept\":\"記帳訂正\",\"bookType\":\"記帳訂正\",\"materialSchema\":[\"evidence\",\"recorded\"],\"inputSchema\":[\"account\",\"amount\",\"account\",\"amount\"],\"reasoningPath\":[\"source-selection\",\"correction\",\"訂正\",\"multi-step\"],\"numberOfSteps\":4,\"businessContext\":\"2月・取締役会報告\"}",
        "{\"concept\":\"記帳訂正\",\"bookType\":\"記帳訂正\",\"materialSchema\":[\"evidence\",\"recorded\"],\"inputSchema\":[\"account\",\"amount\",\"account\",\"amount\"],\"reasoningPath\":[\"source-selection\",\"correction\",\"訂正\",\"multi-step\"],\"numberOfSteps\":4,\"businessContext\":\"2月・取締役会報告\"}",
        "{\"concept\":\"決算整理後残高試算表\",\"bookType\":\"\",\"materialSchema\":[\"勘定科目\",\"整理事項\",\"整理前借方\",\"整理前貸方\"],\"inputSchema\":[\"amount\",\"amount\",\"amount\",\"amount\",\"amount\",\"amount\",\"amount\",\"amount\",\"amount\",\"amount\",\"amount\",\"amount\",\"amount\"],\"reasoningPath\":[\"source-selection\",\"adjusted-trial-balance\",\"減価償却\",\"multi-step\"],\"numberOfSteps\":4,\"businessContext\":\"3月・最後の決算\"}",
        "{\"concept\":\"帳簿締切\",\"bookType\":\"帳簿締切\",\"materialSchema\":[],\"inputSchema\":[\"amount\",\"amount\",\"amount\",\"amount\",\"amount\"],\"reasoningPath\":[\"transaction-recognition\",\"closing-entries\",\"減価償却\",\"multi-step\"],\"numberOfSteps\":4,\"businessContext\":\"3月・最後の決算\"}",
        "{\"concept\":\"貸借対照表\",\"bookType\":\"\",\"materialSchema\":[],\"inputSchema\":[\"amount\",\"amount\",\"amount\"],\"reasoningPath\":[\"transaction-recognition\",\"balance-sheet\",\"multi-step\"],\"numberOfSteps\":3,\"businessContext\":\"3月・最後の決算\"}",
        "{\"concept\":\"複数資料読み取り\",\"bookType\":\"\",\"materialSchema\":[\"date\",\"transaction\"],\"inputSchema\":[\"amount\",\"amount\"],\"reasoningPath\":[\"source-selection\",\"comprehensive\",\"棚卸\",\"single-step\"],\"numberOfSteps\":4,\"businessContext\":\"3月・最後の決算\"}"
      ]
    },
    {
      "attempt": 4,
      "questionIds": [
        "J128",
        "J129",
        "J130",
        "J131",
        "J132",
        "L041",
        "L042",
        "T033",
        "T034",
        "E017",
        "E018",
        "D013",
        "D014",
        "F009",
        "C007"
      ],
      "structuralSignatures": [
        "{\"concept\":\"給与\",\"bookType\":\"\",\"materialSchema\":[],\"inputSchema\":[],\"reasoningPath\":[\"transaction-recognition\",\"double-entry\",\"single-step\"],\"numberOfSteps\":3,\"businessContext\":\"9月・証憑監査\"}",
        "{\"concept\":\"預り金納付\",\"bookType\":\"\",\"materialSchema\":[],\"inputSchema\":[],\"reasoningPath\":[\"transaction-recognition\",\"double-entry\",\"single-step\"],\"numberOfSteps\":3,\"businessContext\":\"9月・証憑監査\"}",
        "{\"concept\":\"法定福利費\",\"bookType\":\"\",\"materialSchema\":[],\"inputSchema\":[],\"reasoningPath\":[\"transaction-recognition\",\"double-entry\",\"single-step\"],\"numberOfSteps\":3,\"businessContext\":\"9月・証憑監査\"}",
        "{\"concept\":\"水道光熱費\",\"bookType\":\"\",\"materialSchema\":[],\"inputSchema\":[],\"reasoningPath\":[\"transaction-recognition\",\"double-entry\",\"single-step\"],\"numberOfSteps\":3,\"businessContext\":\"9月・証憑監査\"}",
        "{\"concept\":\"収入印紙\",\"bookType\":\"\",\"materialSchema\":[],\"inputSchema\":[],\"reasoningPath\":[\"transaction-recognition\",\"double-entry\",\"single-step\"],\"numberOfSteps\":3,\"businessContext\":\"9月・証憑監査\"}",
        "{\"concept\":\"仕訳帳\",\"bookType\":\"仕訳帳\",\"materialSchema\":[\"取引\",\"日付\"],\"inputSchema\":[\"account\",\"folio\",\"amount\",\"account\",\"folio\",\"amount\",\"account\",\"folio\",\"amount\",\"account\",\"folio\",\"amount\"],\"reasoningPath\":[\"source-selection\",\"ledger\",\"元丁\",\"multi-step\"],\"numberOfSteps\":4,\"businessContext\":\"11月・社長の緊急質問\"}",
        "{\"concept\":\"受取手形記入帳\",\"bookType\":\"受取手形記入帳\",\"materialSchema\":[\"受取日\",\"振出人\",\"振出日\",\"摘要\",\"支払場所\",\"満期日\",\"金額\"],\"inputSchema\":[\"date\",\"text\",\"date\",\"date\",\"text\",\"text\",\"amount\",\"date\",\"text\",\"date\",\"date\",\"text\",\"text\",\"amount\",\"amount\"],\"reasoningPath\":[\"source-selection\",\"ledger\",\"満期\",\"multi-step\"],\"numberOfSteps\":4,\"businessContext\":\"11月・社長の緊急質問\"}",
        "{\"concept\":\"残高試算表\",\"bookType\":\"\",\"materialSchema\":[],\"inputSchema\":[\"amount\",\"amount\"],\"reasoningPath\":[\"transaction-recognition\",\"trial_balance\",\"single-step\"],\"numberOfSteps\":3,\"businessContext\":\"1月・年度決算\"}",
        "{\"concept\":\"残高試算表\",\"bookType\":\"\",\"materialSchema\":[],\"inputSchema\":[\"amount\",\"amount\"],\"reasoningPath\":[\"transaction-recognition\",\"trial_balance\",\"single-step\"],\"numberOfSteps\":3,\"businessContext\":\"1月・年度決算\"}",
        "{\"concept\":\"記帳訂正\",\"bookType\":\"記帳訂正\",\"materialSchema\":[\"evidence\",\"recorded\"],\"inputSchema\":[\"account\",\"amount\",\"account\",\"amount\"],\"reasoningPath\":[\"source-selection\",\"correction\",\"訂正\",\"multi-step\"],\"numberOfSteps\":4,\"businessContext\":\"2月・取締役会報告\"}",
        "{\"concept\":\"記帳訂正\",\"bookType\":\"記帳訂正\",\"materialSchema\":[\"evidence\",\"recorded\"],\"inputSchema\":[\"account\",\"amount\",\"account\",\"amount\"],\"reasoningPath\":[\"source-selection\",\"correction\",\"訂正\",\"multi-step\"],\"numberOfSteps\":4,\"businessContext\":\"2月・取締役会報告\"}",
        "{\"concept\":\"決算整理・計算問題\",\"bookType\":\"\",\"materialSchema\":[],\"inputSchema\":[\"amount\",\"amount\",\"amount\",\"amount\"],\"reasoningPath\":[\"transaction-recognition\",\"worksheet\",\"減価償却\",\"multi-step\"],\"numberOfSteps\":4,\"businessContext\":\"2月・取締役会報告\"}",
        "{\"concept\":\"決算整理・計算問題\",\"bookType\":\"\",\"materialSchema\":[],\"inputSchema\":[\"amount\",\"amount\",\"amount\",\"amount\"],\"reasoningPath\":[\"transaction-recognition\",\"worksheet\",\"減価償却\",\"multi-step\"],\"numberOfSteps\":4,\"businessContext\":\"2月・取締役会報告\"}",
        "{\"concept\":\"貸借対照表\",\"bookType\":\"\",\"materialSchema\":[],\"inputSchema\":[\"amount\",\"amount\",\"amount\"],\"reasoningPath\":[\"transaction-recognition\",\"balance-sheet\",\"multi-step\"],\"numberOfSteps\":3,\"businessContext\":\"3月・最後の決算\"}",
        "{\"concept\":\"複数資料読み取り\",\"bookType\":\"\",\"materialSchema\":[\"date\",\"transaction\"],\"inputSchema\":[\"amount\",\"amount\"],\"reasoningPath\":[\"source-selection\",\"comprehensive\",\"棚卸\",\"single-step\"],\"numberOfSteps\":4,\"businessContext\":\"3月・最後の決算\"}"
      ]
    },
    {
      "attempt": 5,
      "questionIds": [
        "J133",
        "J134",
        "J135",
        "J136",
        "J137",
        "L043",
        "L044",
        "T035",
        "T036",
        "E019",
        "E020",
        "D015",
        "D016",
        "F010",
        "C008"
      ],
      "structuralSignatures": [
        "{\"concept\":\"貸付金\",\"bookType\":\"\",\"materialSchema\":[],\"inputSchema\":[],\"reasoningPath\":[\"transaction-recognition\",\"double-entry\",\"single-step\"],\"numberOfSteps\":3,\"businessContext\":\"9月・証憑監査\"}",
        "{\"concept\":\"償却債権取立益\",\"bookType\":\"\",\"materialSchema\":[],\"inputSchema\":[],\"reasoningPath\":[\"transaction-recognition\",\"double-entry\",\"貸倒\",\"single-step\"],\"numberOfSteps\":4,\"businessContext\":\"9月・証憑監査\"}",
        "{\"concept\":\"法人税等\",\"bookType\":\"\",\"materialSchema\":[],\"inputSchema\":[],\"reasoningPath\":[\"transaction-recognition\",\"double-entry\",\"single-step\"],\"numberOfSteps\":3,\"businessContext\":\"9月・証憑監査\"}",
        "{\"concept\":\"受取商品券\",\"bookType\":\"\",\"materialSchema\":[],\"inputSchema\":[],\"reasoningPath\":[\"transaction-recognition\",\"double-entry\",\"single-step\"],\"numberOfSteps\":3,\"businessContext\":\"9月・証憑監査\"}",
        "{\"concept\":\"未収入金\",\"bookType\":\"\",\"materialSchema\":[],\"inputSchema\":[],\"reasoningPath\":[\"transaction-recognition\",\"double-entry\",\"減価償却\",\"single-step\"],\"numberOfSteps\":4,\"businessContext\":\"9月・証憑監査\"}",
        "{\"concept\":\"支払手形記入帳\",\"bookType\":\"支払手形記入帳\",\"materialSchema\":[\"受取人\",\"振出日\",\"摘要\",\"支払場所\",\"満期日\",\"金額\"],\"inputSchema\":[\"date\",\"text\",\"date\",\"text\",\"text\",\"amount\",\"date\",\"text\",\"date\",\"text\",\"text\",\"amount\",\"amount\"],\"reasoningPath\":[\"source-selection\",\"ledger\",\"満期\",\"multi-step\"],\"numberOfSteps\":4,\"businessContext\":\"11月・社長の緊急質問\"}",
        "{\"concept\":\"現金出納帳\",\"bookType\":\"現金出納帳\",\"materialSchema\":[\"収入\",\"摘要\",\"支出\",\"日付\",\"証ひょう\"],\"inputSchema\":[\"amount\",\"amount\",\"amount\"],\"reasoningPath\":[\"source-selection\",\"ledger\",\"multi-step\"],\"numberOfSteps\":3,\"businessContext\":\"11月・社長の緊急質問\"}",
        "{\"concept\":\"残高試算表\",\"bookType\":\"\",\"materialSchema\":[],\"inputSchema\":[\"amount\",\"amount\"],\"reasoningPath\":[\"transaction-recognition\",\"trial_balance\",\"single-step\"],\"numberOfSteps\":3,\"businessContext\":\"1月・年度決算\"}",
        "{\"concept\":\"残高試算表\",\"bookType\":\"\",\"materialSchema\":[],\"inputSchema\":[\"amount\",\"amount\"],\"reasoningPath\":[\"transaction-recognition\",\"trial_balance\",\"single-step\"],\"numberOfSteps\":3,\"businessContext\":\"1月・年度決算\"}",
        "{\"concept\":\"記帳訂正\",\"bookType\":\"記帳訂正\",\"materialSchema\":[\"evidence\",\"recorded\"],\"inputSchema\":[\"account\",\"amount\",\"account\",\"amount\"],\"reasoningPath\":[\"source-selection\",\"correction\",\"訂正\",\"multi-step\"],\"numberOfSteps\":4,\"businessContext\":\"2月・取締役会報告\"}",
        "{\"concept\":\"記帳訂正\",\"bookType\":\"記帳訂正\",\"materialSchema\":[\"evidence\",\"recorded\"],\"inputSchema\":[\"account\",\"amount\",\"account\",\"amount\"],\"reasoningPath\":[\"source-selection\",\"correction\",\"訂正\",\"multi-step\"],\"numberOfSteps\":4,\"businessContext\":\"2月・取締役会報告\"}",
        "{\"concept\":\"決算整理・計算問題\",\"bookType\":\"\",\"materialSchema\":[],\"inputSchema\":[\"amount\",\"amount\",\"amount\",\"amount\"],\"reasoningPath\":[\"transaction-recognition\",\"worksheet\",\"減価償却\",\"multi-step\"],\"numberOfSteps\":4,\"businessContext\":\"2月・取締役会報告\"}",
        "{\"concept\":\"決算整理・計算問題\",\"bookType\":\"\",\"materialSchema\":[],\"inputSchema\":[\"amount\",\"amount\",\"amount\",\"amount\"],\"reasoningPath\":[\"transaction-recognition\",\"worksheet\",\"減価償却\",\"multi-step\"],\"numberOfSteps\":4,\"businessContext\":\"3月・最後の決算\"}",
        "{\"concept\":\"貸借対照表\",\"bookType\":\"\",\"materialSchema\":[],\"inputSchema\":[\"amount\",\"amount\",\"amount\"],\"reasoningPath\":[\"transaction-recognition\",\"balance-sheet\",\"multi-step\"],\"numberOfSteps\":3,\"businessContext\":\"3月・最後の決算\"}",
        "{\"concept\":\"複数資料読み取り\",\"bookType\":\"\",\"materialSchema\":[\"date\",\"transaction\"],\"inputSchema\":[\"amount\",\"amount\"],\"reasoningPath\":[\"source-selection\",\"comprehensive\",\"棚卸\",\"single-step\"],\"numberOfSteps\":4,\"businessContext\":\"3月・最後の決算\"}"
      ]
    },
    {
      "attempt": 6,
      "questionIds": [
        "J138",
        "J139",
        "J140",
        "J141",
        "J142",
        "L045",
        "L046",
        "T037",
        "T038",
        "E015",
        "E016",
        "D017",
        "D018",
        "F001",
        "C009"
      ],
      "structuralSignatures": [
        "{\"concept\":\"訂正仕訳\",\"bookType\":\"\",\"materialSchema\":[],\"inputSchema\":[],\"reasoningPath\":[\"transaction-recognition\",\"double-entry\",\"訂正\",\"single-step\"],\"numberOfSteps\":4,\"businessContext\":\"9月・証憑監査\"}",
        "{\"concept\":\"訂正仕訳\",\"bookType\":\"\",\"materialSchema\":[],\"inputSchema\":[],\"reasoningPath\":[\"transaction-recognition\",\"double-entry\",\"訂正\",\"single-step\"],\"numberOfSteps\":4,\"businessContext\":\"9月・証憑監査\"}",
        "{\"concept\":\"未記帳取引\",\"bookType\":\"未記帳取引\",\"materialSchema\":[],\"inputSchema\":[],\"reasoningPath\":[\"transaction-recognition\",\"double-entry\",\"single-step\"],\"numberOfSteps\":3,\"businessContext\":\"9月・証憑監査\"}",
        "{\"concept\":\"前払費用\",\"bookType\":\"\",\"materialSchema\":[],\"inputSchema\":[],\"reasoningPath\":[\"transaction-recognition\",\"double-entry\",\"single-step\"],\"numberOfSteps\":3,\"businessContext\":\"9月・証憑監査\"}",
        "{\"concept\":\"未払費用\",\"bookType\":\"\",\"materialSchema\":[],\"inputSchema\":[],\"reasoningPath\":[\"transaction-recognition\",\"double-entry\",\"single-step\"],\"numberOfSteps\":3,\"businessContext\":\"9月・証憑監査\"}",
        "{\"concept\":\"当座預金出納帳\",\"bookType\":\"当座預金出納帳\",\"materialSchema\":[\"引出\",\"摘要\",\"日付\",\"証ひょう\",\"預入\"],\"inputSchema\":[\"amount\",\"amount\",\"amount\"],\"reasoningPath\":[\"source-selection\",\"ledger\",\"multi-step\"],\"numberOfSteps\":3,\"businessContext\":\"11月・社長の緊急質問\"}",
        "{\"concept\":\"小口現金出納帳\",\"bookType\":\"小口現金出納帳\",\"materialSchema\":[\"摘要\",\"日付\",\"証ひょう\",\"金額\"],\"inputSchema\":[\"amount\",\"amount\",\"amount\"],\"reasoningPath\":[\"source-selection\",\"ledger\",\"multi-step\"],\"numberOfSteps\":3,\"businessContext\":\"11月・社長の緊急質問\"}",
        "{\"concept\":\"残高試算表\",\"bookType\":\"\",\"materialSchema\":[],\"inputSchema\":[\"amount\",\"amount\"],\"reasoningPath\":[\"transaction-recognition\",\"trial_balance\",\"single-step\"],\"numberOfSteps\":3,\"businessContext\":\"1月・年度決算\"}",
        "{\"concept\":\"残高試算表\",\"bookType\":\"\",\"materialSchema\":[],\"inputSchema\":[\"amount\",\"amount\"],\"reasoningPath\":[\"transaction-recognition\",\"trial_balance\",\"single-step\"],\"numberOfSteps\":3,\"businessContext\":\"1月・年度決算\"}",
        "{\"concept\":\"記帳訂正\",\"bookType\":\"記帳訂正\",\"materialSchema\":[\"evidence\",\"recorded\"],\"inputSchema\":[\"account\",\"amount\",\"account\",\"amount\"],\"reasoningPath\":[\"source-selection\",\"correction\",\"訂正\",\"multi-step\"],\"numberOfSteps\":4,\"businessContext\":\"2月・取締役会報告\"}",
        "{\"concept\":\"記帳訂正\",\"bookType\":\"記帳訂正\",\"materialSchema\":[\"evidence\",\"recorded\"],\"inputSchema\":[\"account\",\"amount\",\"account\",\"amount\"],\"reasoningPath\":[\"source-selection\",\"correction\",\"訂正\",\"multi-step\"],\"numberOfSteps\":4,\"businessContext\":\"2月・取締役会報告\"}",
        "{\"concept\":\"決算整理・計算問題\",\"bookType\":\"\",\"materialSchema\":[],\"inputSchema\":[\"amount\",\"amount\",\"amount\",\"amount\"],\"reasoningPath\":[\"transaction-recognition\",\"worksheet\",\"減価償却\",\"multi-step\"],\"numberOfSteps\":4,\"businessContext\":\"3月・最後の決算\"}",
        "{\"concept\":\"決算整理・計算問題\",\"bookType\":\"\",\"materialSchema\":[],\"inputSchema\":[\"amount\",\"amount\",\"amount\",\"amount\"],\"reasoningPath\":[\"transaction-recognition\",\"worksheet\",\"減価償却\",\"multi-step\"],\"numberOfSteps\":4,\"businessContext\":\"3月・最後の決算\"}",
        "{\"concept\":\"損益計算書\",\"bookType\":\"\",\"materialSchema\":[\"勘定科目\",\"区分\",\"金額\"],\"inputSchema\":[\"amount\",\"amount\",\"amount\",\"amount\"],\"reasoningPath\":[\"source-selection\",\"income-statement\",\"減価償却\",\"multi-step\"],\"numberOfSteps\":4,\"businessContext\":\"3月・最後の決算\"}",
        "{\"concept\":\"複数資料読み取り\",\"bookType\":\"\",\"materialSchema\":[\"date\",\"transaction\"],\"inputSchema\":[\"amount\",\"amount\"],\"reasoningPath\":[\"source-selection\",\"comprehensive\",\"棚卸\",\"single-step\"],\"numberOfSteps\":4,\"businessContext\":\"3月・最後の決算\"}"
      ]
    },
    {
      "attempt": 7,
      "questionIds": [
        "J143",
        "J144",
        "J145",
        "J146",
        "J147",
        "L047",
        "L048",
        "T039",
        "T040",
        "E017",
        "E018",
        "D019",
        "D020",
        "F002",
        "C010"
      ],
      "structuralSignatures": [
        "{\"concept\":\"前受収益\",\"bookType\":\"\",\"materialSchema\":[],\"inputSchema\":[],\"reasoningPath\":[\"transaction-recognition\",\"double-entry\",\"single-step\"],\"numberOfSteps\":3,\"businessContext\":\"9月・証憑監査\"}",
        "{\"concept\":\"未収収益\",\"bookType\":\"\",\"materialSchema\":[],\"inputSchema\":[],\"reasoningPath\":[\"transaction-recognition\",\"double-entry\",\"single-step\"],\"numberOfSteps\":3,\"businessContext\":\"9月・証憑監査\"}",
        "{\"concept\":\"貸倒引当金\",\"bookType\":\"\",\"materialSchema\":[\"取引内容\",\"資料種別\"],\"inputSchema\":[],\"reasoningPath\":[\"source-selection\",\"double-entry\",\"貸倒\",\"single-step\"],\"numberOfSteps\":4,\"businessContext\":\"9月・証憑監査\"}",
        "{\"concept\":\"貸倒れ\",\"bookType\":\"\",\"materialSchema\":[\"取引内容\",\"資料種別\"],\"inputSchema\":[],\"reasoningPath\":[\"source-selection\",\"double-entry\",\"貸倒\",\"single-step\"],\"numberOfSteps\":4,\"businessContext\":\"9月・証憑監査\"}",
        "{\"concept\":\"当座借越\",\"bookType\":\"\",\"materialSchema\":[\"取引内容\",\"資料種別\"],\"inputSchema\":[],\"reasoningPath\":[\"source-selection\",\"double-entry\",\"single-step\"],\"numberOfSteps\":3,\"businessContext\":\"9月・証憑監査\"}",
        "{\"concept\":\"仕入帳\",\"bookType\":\"仕入帳\",\"materialSchema\":[],\"inputSchema\":[\"amount\",\"amount\",\"amount\"],\"reasoningPath\":[\"transaction-recognition\",\"ledger\",\"multi-step\"],\"numberOfSteps\":3,\"businessContext\":\"11月・社長の緊急質問\"}",
        "{\"concept\":\"売上帳\",\"bookType\":\"売上帳\",\"materialSchema\":[],\"inputSchema\":[\"amount\",\"amount\",\"amount\"],\"reasoningPath\":[\"transaction-recognition\",\"ledger\",\"multi-step\"],\"numberOfSteps\":3,\"businessContext\":\"11月・社長の緊急質問\"}",
        "{\"concept\":\"残高試算表\",\"bookType\":\"\",\"materialSchema\":[],\"inputSchema\":[\"amount\",\"amount\"],\"reasoningPath\":[\"transaction-recognition\",\"trial_balance\",\"single-step\"],\"numberOfSteps\":3,\"businessContext\":\"1月・年度決算\"}",
        "{\"concept\":\"残高試算表\",\"bookType\":\"\",\"materialSchema\":[],\"inputSchema\":[\"amount\",\"amount\"],\"reasoningPath\":[\"transaction-recognition\",\"trial_balance\",\"single-step\"],\"numberOfSteps\":3,\"businessContext\":\"1月・年度決算\"}",
        "{\"concept\":\"記帳訂正\",\"bookType\":\"記帳訂正\",\"materialSchema\":[\"evidence\",\"recorded\"],\"inputSchema\":[\"account\",\"amount\",\"account\",\"amount\"],\"reasoningPath\":[\"source-selection\",\"correction\",\"訂正\",\"multi-step\"],\"numberOfSteps\":4,\"businessContext\":\"2月・取締役会報告\"}",
        "{\"concept\":\"記帳訂正\",\"bookType\":\"記帳訂正\",\"materialSchema\":[\"evidence\",\"recorded\"],\"inputSchema\":[\"account\",\"amount\",\"account\",\"amount\"],\"reasoningPath\":[\"source-selection\",\"correction\",\"訂正\",\"multi-step\"],\"numberOfSteps\":4,\"businessContext\":\"2月・取締役会報告\"}",
        "{\"concept\":\"決算整理後残高試算表\",\"bookType\":\"\",\"materialSchema\":[\"勘定科目\",\"整理事項\",\"整理前借方\",\"整理前貸方\"],\"inputSchema\":[\"amount\",\"amount\",\"amount\",\"amount\",\"amount\",\"amount\",\"amount\",\"amount\",\"amount\",\"amount\",\"amount\",\"amount\",\"amount\"],\"reasoningPath\":[\"source-selection\",\"adjusted-trial-balance\",\"減価償却\",\"multi-step\"],\"numberOfSteps\":4,\"businessContext\":\"3月・最後の決算\"}",
        "{\"concept\":\"帳簿締切\",\"bookType\":\"帳簿締切\",\"materialSchema\":[],\"inputSchema\":[\"amount\",\"amount\",\"amount\",\"amount\",\"amount\"],\"reasoningPath\":[\"transaction-recognition\",\"closing-entries\",\"減価償却\",\"multi-step\"],\"numberOfSteps\":4,\"businessContext\":\"3月・最後の決算\"}",
        "{\"concept\":\"貸借対照表\",\"bookType\":\"\",\"materialSchema\":[],\"inputSchema\":[\"amount\",\"amount\",\"amount\"],\"reasoningPath\":[\"transaction-recognition\",\"balance-sheet\",\"multi-step\"],\"numberOfSteps\":3,\"businessContext\":\"3月・最後の決算\"}",
        "{\"concept\":\"複数資料読み取り\",\"bookType\":\"\",\"materialSchema\":[\"date\",\"transaction\"],\"inputSchema\":[\"amount\",\"amount\"],\"reasoningPath\":[\"source-selection\",\"comprehensive\",\"棚卸\",\"減価償却\",\"single-step\"],\"numberOfSteps\":5,\"businessContext\":\"3月・最後の決算\"}"
      ]
    },
    {
      "attempt": 8,
      "questionIds": [
        "J128",
        "J129",
        "J130",
        "J131",
        "J132",
        "L049",
        "L050",
        "T033",
        "T034",
        "E019",
        "E020",
        "D013",
        "D014",
        "F003",
        "C001"
      ],
      "structuralSignatures": [
        "{\"concept\":\"給与\",\"bookType\":\"\",\"materialSchema\":[],\"inputSchema\":[],\"reasoningPath\":[\"transaction-recognition\",\"double-entry\",\"single-step\"],\"numberOfSteps\":3,\"businessContext\":\"9月・証憑監査\"}",
        "{\"concept\":\"預り金納付\",\"bookType\":\"\",\"materialSchema\":[],\"inputSchema\":[],\"reasoningPath\":[\"transaction-recognition\",\"double-entry\",\"single-step\"],\"numberOfSteps\":3,\"businessContext\":\"9月・証憑監査\"}",
        "{\"concept\":\"法定福利費\",\"bookType\":\"\",\"materialSchema\":[],\"inputSchema\":[],\"reasoningPath\":[\"transaction-recognition\",\"double-entry\",\"single-step\"],\"numberOfSteps\":3,\"businessContext\":\"9月・証憑監査\"}",
        "{\"concept\":\"水道光熱費\",\"bookType\":\"\",\"materialSchema\":[],\"inputSchema\":[],\"reasoningPath\":[\"transaction-recognition\",\"double-entry\",\"single-step\"],\"numberOfSteps\":3,\"businessContext\":\"9月・証憑監査\"}",
        "{\"concept\":\"収入印紙\",\"bookType\":\"\",\"materialSchema\":[],\"inputSchema\":[],\"reasoningPath\":[\"transaction-recognition\",\"double-entry\",\"single-step\"],\"numberOfSteps\":3,\"businessContext\":\"9月・証憑監査\"}",
        "{\"concept\":\"商品有高帳・移動平均法\",\"bookType\":\"商品有高帳・移動平均法\",\"materialSchema\":[],\"inputSchema\":[\"unitPrice\",\"amount\",\"amount\"],\"reasoningPath\":[\"transaction-recognition\",\"ledger\",\"移動平均\",\"multi-step\"],\"numberOfSteps\":4,\"businessContext\":\"11月・社長の緊急質問\"}",
        "{\"concept\":\"伝票（3伝票制）\",\"bookType\":\"\",\"materialSchema\":[],\"inputSchema\":[\"amount\",\"amount\",\"amount\"],\"reasoningPath\":[\"transaction-recognition\",\"ledger\",\"multi-step\"],\"numberOfSteps\":3,\"businessContext\":\"11月・社長の緊急質問\"}",
        "{\"concept\":\"残高試算表\",\"bookType\":\"\",\"materialSchema\":[],\"inputSchema\":[\"amount\",\"amount\"],\"reasoningPath\":[\"transaction-recognition\",\"trial_balance\",\"single-step\"],\"numberOfSteps\":3,\"businessContext\":\"1月・年度決算\"}",
        "{\"concept\":\"残高試算表\",\"bookType\":\"\",\"materialSchema\":[],\"inputSchema\":[\"amount\",\"amount\"],\"reasoningPath\":[\"transaction-recognition\",\"trial_balance\",\"single-step\"],\"numberOfSteps\":3,\"businessContext\":\"1月・年度決算\"}",
        "{\"concept\":\"記帳訂正\",\"bookType\":\"記帳訂正\",\"materialSchema\":[\"evidence\",\"recorded\"],\"inputSchema\":[\"account\",\"amount\",\"account\",\"amount\"],\"reasoningPath\":[\"source-selection\",\"correction\",\"訂正\",\"multi-step\"],\"numberOfSteps\":4,\"businessContext\":\"2月・取締役会報告\"}",
        "{\"concept\":\"記帳訂正\",\"bookType\":\"記帳訂正\",\"materialSchema\":[\"evidence\",\"recorded\"],\"inputSchema\":[\"account\",\"amount\",\"account\",\"amount\"],\"reasoningPath\":[\"source-selection\",\"correction\",\"訂正\",\"multi-step\"],\"numberOfSteps\":4,\"businessContext\":\"2月・取締役会報告\"}",
        "{\"concept\":\"決算整理・計算問題\",\"bookType\":\"\",\"materialSchema\":[],\"inputSchema\":[\"amount\",\"amount\",\"amount\",\"amount\"],\"reasoningPath\":[\"transaction-recognition\",\"worksheet\",\"減価償却\",\"multi-step\"],\"numberOfSteps\":4,\"businessContext\":\"2月・取締役会報告\"}",
        "{\"concept\":\"決算整理・計算問題\",\"bookType\":\"\",\"materialSchema\":[],\"inputSchema\":[\"amount\",\"amount\",\"amount\",\"amount\"],\"reasoningPath\":[\"transaction-recognition\",\"worksheet\",\"減価償却\",\"multi-step\"],\"numberOfSteps\":4,\"businessContext\":\"2月・取締役会報告\"}",
        "{\"concept\":\"貸借対照表\",\"bookType\":\"\",\"materialSchema\":[],\"inputSchema\":[\"amount\",\"amount\",\"amount\"],\"reasoningPath\":[\"transaction-recognition\",\"balance-sheet\",\"multi-step\"],\"numberOfSteps\":3,\"businessContext\":\"3月・最後の決算\"}",
        "{\"concept\":\"統合決算A（棚卸・貸倒・月割）\",\"bookType\":\"\",\"materialSchema\":[\"借方\",\"借方合計\",\"内容\",\"貸方\",\"貸方合計\",\"資料区分\"],\"inputSchema\":[\"amount\",\"amount\",\"amount\",\"amount\",\"amount\",\"amount\",\"amount\",\"amount\",\"amount\",\"amount\"],\"reasoningPath\":[\"source-selection\",\"exam-question-3\",\"貸倒\",\"減価償却\",\"月割\",\"multi-step\"],\"numberOfSteps\":6,\"businessContext\":\"3月・最後の決算\"}"
      ]
    },
    {
      "attempt": 9,
      "questionIds": [
        "J133",
        "J134",
        "J135",
        "J136",
        "J137",
        "L033",
        "L034",
        "T035",
        "T036",
        "E015",
        "E016",
        "D015",
        "D016",
        "F008",
        "C002"
      ],
      "structuralSignatures": [
        "{\"concept\":\"貸付金\",\"bookType\":\"\",\"materialSchema\":[],\"inputSchema\":[],\"reasoningPath\":[\"transaction-recognition\",\"double-entry\",\"single-step\"],\"numberOfSteps\":3,\"businessContext\":\"9月・証憑監査\"}",
        "{\"concept\":\"償却債権取立益\",\"bookType\":\"\",\"materialSchema\":[],\"inputSchema\":[],\"reasoningPath\":[\"transaction-recognition\",\"double-entry\",\"貸倒\",\"single-step\"],\"numberOfSteps\":4,\"businessContext\":\"9月・証憑監査\"}",
        "{\"concept\":\"法人税等\",\"bookType\":\"\",\"materialSchema\":[],\"inputSchema\":[],\"reasoningPath\":[\"transaction-recognition\",\"double-entry\",\"single-step\"],\"numberOfSteps\":3,\"businessContext\":\"9月・証憑監査\"}",
        "{\"concept\":\"受取商品券\",\"bookType\":\"\",\"materialSchema\":[],\"inputSchema\":[],\"reasoningPath\":[\"transaction-recognition\",\"double-entry\",\"single-step\"],\"numberOfSteps\":3,\"businessContext\":\"9月・証憑監査\"}",
        "{\"concept\":\"未収入金\",\"bookType\":\"\",\"materialSchema\":[],\"inputSchema\":[],\"reasoningPath\":[\"transaction-recognition\",\"double-entry\",\"減価償却\",\"single-step\"],\"numberOfSteps\":4,\"businessContext\":\"9月・証憑監査\"}",
        "{\"concept\":\"固定資産台帳（月割・売却）\",\"bookType\":\"固定資産台帳（月割・売却）\",\"materialSchema\":[\"取得原価\",\"取得日\",\"証憑\"],\"inputSchema\":[\"date\",\"amount\",\"amount\",\"amount\"],\"reasoningPath\":[\"記帳対象選別\",\"日付順整列\",\"帳簿転記\",\"検算\",\"取得と期末簿価\"],\"numberOfSteps\":5,\"businessContext\":\"証憑から本試験帳簿\"}",
        "{\"concept\":\"仕訳帳\",\"bookType\":\"仕訳帳\",\"materialSchema\":[\"内容\",\"日付\",\"証憑\"],\"inputSchema\":[\"date\",\"text\",\"folio\",\"amount\",\"amount\"],\"reasoningPath\":[\"記帳対象選別\",\"日付順整列\",\"帳簿転記\",\"検算\",\"複合仕訳\"],\"numberOfSteps\":5,\"businessContext\":\"証憑から本試験帳簿\"}",
        "{\"concept\":\"残高試算表\",\"bookType\":\"\",\"materialSchema\":[],\"inputSchema\":[\"amount\",\"amount\"],\"reasoningPath\":[\"transaction-recognition\",\"trial_balance\",\"single-step\"],\"numberOfSteps\":3,\"businessContext\":\"1月・年度決算\"}",
        "{\"concept\":\"残高試算表\",\"bookType\":\"\",\"materialSchema\":[],\"inputSchema\":[\"amount\",\"amount\"],\"reasoningPath\":[\"transaction-recognition\",\"trial_balance\",\"single-step\"],\"numberOfSteps\":3,\"businessContext\":\"1月・年度決算\"}",
        "{\"concept\":\"記帳訂正\",\"bookType\":\"記帳訂正\",\"materialSchema\":[\"evidence\",\"recorded\"],\"inputSchema\":[\"account\",\"amount\",\"account\",\"amount\"],\"reasoningPath\":[\"source-selection\",\"correction\",\"訂正\",\"multi-step\"],\"numberOfSteps\":4,\"businessContext\":\"2月・取締役会報告\"}",
        "{\"concept\":\"記帳訂正\",\"bookType\":\"記帳訂正\",\"materialSchema\":[\"evidence\",\"recorded\"],\"inputSchema\":[\"account\",\"amount\",\"account\",\"amount\"],\"reasoningPath\":[\"source-selection\",\"correction\",\"訂正\",\"multi-step\"],\"numberOfSteps\":4,\"businessContext\":\"2月・取締役会報告\"}",
        "{\"concept\":\"決算整理・計算問題\",\"bookType\":\"\",\"materialSchema\":[],\"inputSchema\":[\"amount\",\"amount\",\"amount\",\"amount\"],\"reasoningPath\":[\"transaction-recognition\",\"worksheet\",\"減価償却\",\"multi-step\"],\"numberOfSteps\":4,\"businessContext\":\"2月・取締役会報告\"}",
        "{\"concept\":\"決算整理・計算問題\",\"bookType\":\"\",\"materialSchema\":[],\"inputSchema\":[\"amount\",\"amount\",\"amount\",\"amount\"],\"reasoningPath\":[\"transaction-recognition\",\"worksheet\",\"減価償却\",\"multi-step\"],\"numberOfSteps\":4,\"businessContext\":\"3月・最後の決算\"}",
        "{\"concept\":\"貸借対照表\",\"bookType\":\"\",\"materialSchema\":[],\"inputSchema\":[\"amount\",\"amount\",\"amount\"],\"reasoningPath\":[\"transaction-recognition\",\"balance-sheet\",\"multi-step\"],\"numberOfSteps\":3,\"businessContext\":\"3月・最後の決算\"}",
        "{\"concept\":\"統合決算B（訂正・消費税・現金過不足）\",\"bookType\":\"\",\"materialSchema\":[\"内容\",\"資料区分\"],\"inputSchema\":[\"amount\",\"amount\",\"amount\",\"amount\",\"amount\",\"amount\",\"amount\",\"amount\",\"amount\",\"amount\",\"amount\",\"amount\"],\"reasoningPath\":[\"source-selection\",\"exam-question-3\",\"消費税\",\"減価償却\",\"訂正\",\"multi-step\"],\"numberOfSteps\":6,\"businessContext\":\"3月・最後の決算\"}"
      ]
    },
    {
      "attempt": 10,
      "questionIds": [
        "J138",
        "J139",
        "J140",
        "J141",
        "J142",
        "L035",
        "L036",
        "T037",
        "T038",
        "E017",
        "E018",
        "D017",
        "D018",
        "F009",
        "C003"
      ],
      "structuralSignatures": [
        "{\"concept\":\"訂正仕訳\",\"bookType\":\"\",\"materialSchema\":[],\"inputSchema\":[],\"reasoningPath\":[\"transaction-recognition\",\"double-entry\",\"訂正\",\"single-step\"],\"numberOfSteps\":4,\"businessContext\":\"9月・証憑監査\"}",
        "{\"concept\":\"訂正仕訳\",\"bookType\":\"\",\"materialSchema\":[],\"inputSchema\":[],\"reasoningPath\":[\"transaction-recognition\",\"double-entry\",\"訂正\",\"single-step\"],\"numberOfSteps\":4,\"businessContext\":\"9月・証憑監査\"}",
        "{\"concept\":\"未記帳取引\",\"bookType\":\"未記帳取引\",\"materialSchema\":[],\"inputSchema\":[],\"reasoningPath\":[\"transaction-recognition\",\"double-entry\",\"single-step\"],\"numberOfSteps\":3,\"businessContext\":\"9月・証憑監査\"}",
        "{\"concept\":\"前払費用\",\"bookType\":\"\",\"materialSchema\":[],\"inputSchema\":[],\"reasoningPath\":[\"transaction-recognition\",\"double-entry\",\"single-step\"],\"numberOfSteps\":3,\"businessContext\":\"9月・証憑監査\"}",
        "{\"concept\":\"未払費用\",\"bookType\":\"\",\"materialSchema\":[],\"inputSchema\":[],\"reasoningPath\":[\"transaction-recognition\",\"double-entry\",\"single-step\"],\"numberOfSteps\":3,\"businessContext\":\"9月・証憑監査\"}",
        "{\"concept\":\"受取手形記入帳\",\"bookType\":\"受取手形記入帳\",\"materialSchema\":[\"振出人\",\"支払場所\",\"日付\",\"満期日\",\"種類\",\"金額\"],\"inputSchema\":[\"date\",\"date\",\"text\",\"amount\"],\"reasoningPath\":[\"記帳対象選別\",\"日付順整列\",\"帳簿転記\",\"検算\",\"選別と三件満期\"],\"numberOfSteps\":5,\"businessContext\":\"証憑から本試験帳簿\"}",
        "{\"concept\":\"支払手形記入帳\",\"bookType\":\"支払手形記入帳\",\"materialSchema\":[\"受取人\",\"摘要\",\"日付\",\"満期日\",\"種類\",\"金額\"],\"inputSchema\":[\"date\",\"date\",\"text\",\"amount\"],\"reasoningPath\":[\"記帳対象選別\",\"日付順整列\",\"帳簿転記\",\"検算\",\"更新手形と二件\"],\"numberOfSteps\":5,\"businessContext\":\"証憑から本試験帳簿\"}",
        "{\"concept\":\"残高試算表\",\"bookType\":\"\",\"materialSchema\":[],\"inputSchema\":[\"amount\",\"amount\"],\"reasoningPath\":[\"transaction-recognition\",\"trial_balance\",\"single-step\"],\"numberOfSteps\":3,\"businessContext\":\"1月・年度決算\"}",
        "{\"concept\":\"残高試算表\",\"bookType\":\"\",\"materialSchema\":[],\"inputSchema\":[\"amount\",\"amount\"],\"reasoningPath\":[\"transaction-recognition\",\"trial_balance\",\"single-step\"],\"numberOfSteps\":3,\"businessContext\":\"1月・年度決算\"}",
        "{\"concept\":\"記帳訂正\",\"bookType\":\"記帳訂正\",\"materialSchema\":[\"evidence\",\"recorded\"],\"inputSchema\":[\"account\",\"amount\",\"account\",\"amount\"],\"reasoningPath\":[\"source-selection\",\"correction\",\"訂正\",\"multi-step\"],\"numberOfSteps\":4,\"businessContext\":\"2月・取締役会報告\"}",
        "{\"concept\":\"記帳訂正\",\"bookType\":\"記帳訂正\",\"materialSchema\":[\"evidence\",\"recorded\"],\"inputSchema\":[\"account\",\"amount\",\"account\",\"amount\"],\"reasoningPath\":[\"source-selection\",\"correction\",\"訂正\",\"multi-step\"],\"numberOfSteps\":4,\"businessContext\":\"2月・取締役会報告\"}",
        "{\"concept\":\"決算整理・計算問題\",\"bookType\":\"\",\"materialSchema\":[],\"inputSchema\":[\"amount\",\"amount\",\"amount\",\"amount\"],\"reasoningPath\":[\"transaction-recognition\",\"worksheet\",\"減価償却\",\"multi-step\"],\"numberOfSteps\":4,\"businessContext\":\"3月・最後の決算\"}",
        "{\"concept\":\"決算整理・計算問題\",\"bookType\":\"\",\"materialSchema\":[],\"inputSchema\":[\"amount\",\"amount\",\"amount\",\"amount\"],\"reasoningPath\":[\"transaction-recognition\",\"worksheet\",\"減価償却\",\"multi-step\"],\"numberOfSteps\":4,\"businessContext\":\"3月・最後の決算\"}",
        "{\"concept\":\"貸借対照表\",\"bookType\":\"\",\"materialSchema\":[],\"inputSchema\":[\"amount\",\"amount\",\"amount\"],\"reasoningPath\":[\"transaction-recognition\",\"balance-sheet\",\"multi-step\"],\"numberOfSteps\":3,\"businessContext\":\"3月・最後の決算\"}",
        "{\"concept\":\"統合決算C（経過勘定・固定資産・貸倒）\",\"bookType\":\"\",\"materialSchema\":[\"内容\",\"資料区分\"],\"inputSchema\":[\"amount\",\"amount\",\"amount\",\"amount\",\"amount\",\"amount\",\"amount\",\"amount\",\"amount\",\"amount\"],\"reasoningPath\":[\"source-selection\",\"exam-question-3\",\"貸倒\",\"減価償却\",\"月割\",\"multi-step\"],\"numberOfSteps\":6,\"businessContext\":\"3月・最後の決算\"}"
      ]
    },
    {
      "attempt": 11,
      "questionIds": [
        "J143",
        "J144",
        "J145",
        "J146",
        "J147",
        "L037",
        "L038",
        "T039",
        "T040",
        "E019",
        "E020",
        "D019",
        "D020",
        "F010",
        "C006"
      ],
      "structuralSignatures": [
        "{\"concept\":\"前受収益\",\"bookType\":\"\",\"materialSchema\":[],\"inputSchema\":[],\"reasoningPath\":[\"transaction-recognition\",\"double-entry\",\"single-step\"],\"numberOfSteps\":3,\"businessContext\":\"9月・証憑監査\"}",
        "{\"concept\":\"未収収益\",\"bookType\":\"\",\"materialSchema\":[],\"inputSchema\":[],\"reasoningPath\":[\"transaction-recognition\",\"double-entry\",\"single-step\"],\"numberOfSteps\":3,\"businessContext\":\"9月・証憑監査\"}",
        "{\"concept\":\"貸倒引当金\",\"bookType\":\"\",\"materialSchema\":[\"取引内容\",\"資料種別\"],\"inputSchema\":[],\"reasoningPath\":[\"source-selection\",\"double-entry\",\"貸倒\",\"single-step\"],\"numberOfSteps\":4,\"businessContext\":\"9月・証憑監査\"}",
        "{\"concept\":\"貸倒れ\",\"bookType\":\"\",\"materialSchema\":[\"取引内容\",\"資料種別\"],\"inputSchema\":[],\"reasoningPath\":[\"source-selection\",\"double-entry\",\"貸倒\",\"single-step\"],\"numberOfSteps\":4,\"businessContext\":\"9月・証憑監査\"}",
        "{\"concept\":\"当座借越\",\"bookType\":\"\",\"materialSchema\":[\"取引内容\",\"資料種別\"],\"inputSchema\":[],\"reasoningPath\":[\"source-selection\",\"double-entry\",\"single-step\"],\"numberOfSteps\":3,\"businessContext\":\"9月・証憑監査\"}",
        "{\"concept\":\"総勘定元帳（売掛金）\",\"bookType\":\"総勘定元帳（売掛金）\",\"materialSchema\":[\"借方\",\"取引\",\"日付\",\"相手勘定\",\"貸方\"],\"inputSchema\":[\"date\",\"text\",\"text\",\"amount\"],\"reasoningPath\":[\"記帳対象選別\",\"日付順整列\",\"帳簿転記\",\"検算\",\"個別転記\"],\"numberOfSteps\":5,\"businessContext\":\"証憑から本試験帳簿\"}",
        "{\"concept\":\"総勘定元帳（買掛金）\",\"bookType\":\"総勘定元帳（買掛金）\",\"materialSchema\":[\"取引\",\"増加\",\"日付\",\"減少\",\"相手勘定\"],\"inputSchema\":[\"date\",\"text\",\"text\",\"amount\"],\"reasoningPath\":[\"記帳対象選別\",\"日付順整列\",\"帳簿転記\",\"検算\",\"複数転記と残高方向\"],\"numberOfSteps\":5,\"businessContext\":\"証憑から本試験帳簿\"}",
        "{\"concept\":\"残高試算表\",\"bookType\":\"\",\"materialSchema\":[],\"inputSchema\":[\"amount\",\"amount\"],\"reasoningPath\":[\"transaction-recognition\",\"trial_balance\",\"single-step\"],\"numberOfSteps\":3,\"businessContext\":\"1月・年度決算\"}",
        "{\"concept\":\"残高試算表\",\"bookType\":\"\",\"materialSchema\":[],\"inputSchema\":[\"amount\",\"amount\"],\"reasoningPath\":[\"transaction-recognition\",\"trial_balance\",\"single-step\"],\"numberOfSteps\":3,\"businessContext\":\"1月・年度決算\"}",
        "{\"concept\":\"記帳訂正\",\"bookType\":\"記帳訂正\",\"materialSchema\":[\"evidence\",\"recorded\"],\"inputSchema\":[\"account\",\"amount\",\"account\",\"amount\"],\"reasoningPath\":[\"source-selection\",\"correction\",\"訂正\",\"multi-step\"],\"numberOfSteps\":4,\"businessContext\":\"2月・取締役会報告\"}",
        "{\"concept\":\"記帳訂正\",\"bookType\":\"記帳訂正\",\"materialSchema\":[\"evidence\",\"recorded\"],\"inputSchema\":[\"account\",\"amount\",\"account\",\"amount\"],\"reasoningPath\":[\"source-selection\",\"correction\",\"訂正\",\"multi-step\"],\"numberOfSteps\":4,\"businessContext\":\"2月・取締役会報告\"}",
        "{\"concept\":\"決算整理後残高試算表\",\"bookType\":\"\",\"materialSchema\":[\"勘定科目\",\"整理事項\",\"整理前借方\",\"整理前貸方\"],\"inputSchema\":[\"amount\",\"amount\",\"amount\",\"amount\",\"amount\",\"amount\",\"amount\",\"amount\",\"amount\",\"amount\",\"amount\",\"amount\",\"amount\"],\"reasoningPath\":[\"source-selection\",\"adjusted-trial-balance\",\"減価償却\",\"multi-step\"],\"numberOfSteps\":4,\"businessContext\":\"3月・最後の決算\"}",
        "{\"concept\":\"帳簿締切\",\"bookType\":\"帳簿締切\",\"materialSchema\":[],\"inputSchema\":[\"amount\",\"amount\",\"amount\",\"amount\",\"amount\"],\"reasoningPath\":[\"transaction-recognition\",\"closing-entries\",\"減価償却\",\"multi-step\"],\"numberOfSteps\":4,\"businessContext\":\"3月・最後の決算\"}",
        "{\"concept\":\"貸借対照表\",\"bookType\":\"\",\"materialSchema\":[],\"inputSchema\":[\"amount\",\"amount\",\"amount\"],\"reasoningPath\":[\"transaction-recognition\",\"balance-sheet\",\"multi-step\"],\"numberOfSteps\":3,\"businessContext\":\"3月・最後の決算\"}",
        "{\"concept\":\"複数資料読み取り\",\"bookType\":\"\",\"materialSchema\":[\"date\",\"transaction\"],\"inputSchema\":[\"amount\",\"amount\"],\"reasoningPath\":[\"source-selection\",\"comprehensive\",\"棚卸\",\"single-step\"],\"numberOfSteps\":4,\"businessContext\":\"3月・最後の決算\"}"
      ]
    },
    {
      "attempt": 12,
      "questionIds": [
        "J128",
        "J129",
        "J130",
        "J131",
        "J132",
        "L039",
        "L040",
        "T033",
        "T034",
        "E015",
        "E016",
        "D013",
        "D014",
        "F001",
        "C007"
      ],
      "structuralSignatures": [
        "{\"concept\":\"給与\",\"bookType\":\"\",\"materialSchema\":[],\"inputSchema\":[],\"reasoningPath\":[\"transaction-recognition\",\"double-entry\",\"single-step\"],\"numberOfSteps\":3,\"businessContext\":\"9月・証憑監査\"}",
        "{\"concept\":\"預り金納付\",\"bookType\":\"\",\"materialSchema\":[],\"inputSchema\":[],\"reasoningPath\":[\"transaction-recognition\",\"double-entry\",\"single-step\"],\"numberOfSteps\":3,\"businessContext\":\"9月・証憑監査\"}",
        "{\"concept\":\"法定福利費\",\"bookType\":\"\",\"materialSchema\":[],\"inputSchema\":[],\"reasoningPath\":[\"transaction-recognition\",\"double-entry\",\"single-step\"],\"numberOfSteps\":3,\"businessContext\":\"9月・証憑監査\"}",
        "{\"concept\":\"水道光熱費\",\"bookType\":\"\",\"materialSchema\":[],\"inputSchema\":[],\"reasoningPath\":[\"transaction-recognition\",\"double-entry\",\"single-step\"],\"numberOfSteps\":3,\"businessContext\":\"9月・証憑監査\"}",
        "{\"concept\":\"収入印紙\",\"bookType\":\"\",\"materialSchema\":[],\"inputSchema\":[],\"reasoningPath\":[\"transaction-recognition\",\"double-entry\",\"single-step\"],\"numberOfSteps\":3,\"businessContext\":\"9月・証憑監査\"}",
        "{\"concept\":\"支払利息勘定（複数年度・再振替）\",\"bookType\":\"\",\"materialSchema\":[\"取引\",\"日付\"],\"inputSchema\":[\"amount\",\"amount\",\"amount\",\"amount\",\"amount\",\"amount\"],\"reasoningPath\":[\"source-selection\",\"ledger\",\"multi-step\"],\"numberOfSteps\":3,\"businessContext\":\"11月・社長の緊急質問\"}",
        "{\"concept\":\"固定資産台帳（月割・途中売却）\",\"bookType\":\"固定資産台帳（月割・途中売却）\",\"materialSchema\":[\"取得原価\",\"取得日\",\"売却価額\",\"売却日\",\"決算日\",\"資産\"],\"inputSchema\":[\"amount\",\"amount\",\"amount\",\"amount\",\"amount\",\"amount\"],\"reasoningPath\":[\"source-selection\",\"ledger\",\"減価償却\",\"月割\",\"multi-step\"],\"numberOfSteps\":5,\"businessContext\":\"11月・社長の緊急質問\"}",
        "{\"concept\":\"残高試算表\",\"bookType\":\"\",\"materialSchema\":[],\"inputSchema\":[\"amount\",\"amount\"],\"reasoningPath\":[\"transaction-recognition\",\"trial_balance\",\"single-step\"],\"numberOfSteps\":3,\"businessContext\":\"1月・年度決算\"}",
        "{\"concept\":\"残高試算表\",\"bookType\":\"\",\"materialSchema\":[],\"inputSchema\":[\"amount\",\"amount\"],\"reasoningPath\":[\"transaction-recognition\",\"trial_balance\",\"single-step\"],\"numberOfSteps\":3,\"businessContext\":\"1月・年度決算\"}",
        "{\"concept\":\"記帳訂正\",\"bookType\":\"記帳訂正\",\"materialSchema\":[\"evidence\",\"recorded\"],\"inputSchema\":[\"account\",\"amount\",\"account\",\"amount\"],\"reasoningPath\":[\"source-selection\",\"correction\",\"訂正\",\"multi-step\"],\"numberOfSteps\":4,\"businessContext\":\"2月・取締役会報告\"}",
        "{\"concept\":\"記帳訂正\",\"bookType\":\"記帳訂正\",\"materialSchema\":[\"evidence\",\"recorded\"],\"inputSchema\":[\"account\",\"amount\",\"account\",\"amount\"],\"reasoningPath\":[\"source-selection\",\"correction\",\"訂正\",\"multi-step\"],\"numberOfSteps\":4,\"businessContext\":\"2月・取締役会報告\"}",
        "{\"concept\":\"決算整理・計算問題\",\"bookType\":\"\",\"materialSchema\":[],\"inputSchema\":[\"amount\",\"amount\",\"amount\",\"amount\"],\"reasoningPath\":[\"transaction-recognition\",\"worksheet\",\"減価償却\",\"multi-step\"],\"numberOfSteps\":4,\"businessContext\":\"2月・取締役会報告\"}",
        "{\"concept\":\"決算整理・計算問題\",\"bookType\":\"\",\"materialSchema\":[],\"inputSchema\":[\"amount\",\"amount\",\"amount\",\"amount\"],\"reasoningPath\":[\"transaction-recognition\",\"worksheet\",\"減価償却\",\"multi-step\"],\"numberOfSteps\":4,\"businessContext\":\"2月・取締役会報告\"}",
        "{\"concept\":\"損益計算書\",\"bookType\":\"\",\"materialSchema\":[\"勘定科目\",\"区分\",\"金額\"],\"inputSchema\":[\"amount\",\"amount\",\"amount\",\"amount\"],\"reasoningPath\":[\"source-selection\",\"income-statement\",\"減価償却\",\"multi-step\"],\"numberOfSteps\":4,\"businessContext\":\"3月・最後の決算\"}",
        "{\"concept\":\"複数資料読み取り\",\"bookType\":\"\",\"materialSchema\":[\"date\",\"transaction\"],\"inputSchema\":[\"amount\",\"amount\"],\"reasoningPath\":[\"source-selection\",\"comprehensive\",\"棚卸\",\"single-step\"],\"numberOfSteps\":4,\"businessContext\":\"3月・最後の決算\"}"
      ]
    },
    {
      "attempt": 13,
      "questionIds": [
        "J133",
        "J134",
        "J135",
        "J136",
        "J137",
        "L041",
        "L042",
        "T035",
        "T036",
        "E017",
        "E018",
        "D015",
        "D016",
        "F002",
        "C008"
      ],
      "structuralSignatures": [
        "{\"concept\":\"貸付金\",\"bookType\":\"\",\"materialSchema\":[],\"inputSchema\":[],\"reasoningPath\":[\"transaction-recognition\",\"double-entry\",\"single-step\"],\"numberOfSteps\":3,\"businessContext\":\"9月・証憑監査\"}",
        "{\"concept\":\"償却債権取立益\",\"bookType\":\"\",\"materialSchema\":[],\"inputSchema\":[],\"reasoningPath\":[\"transaction-recognition\",\"double-entry\",\"貸倒\",\"single-step\"],\"numberOfSteps\":4,\"businessContext\":\"9月・証憑監査\"}",
        "{\"concept\":\"法人税等\",\"bookType\":\"\",\"materialSchema\":[],\"inputSchema\":[],\"reasoningPath\":[\"transaction-recognition\",\"double-entry\",\"single-step\"],\"numberOfSteps\":3,\"businessContext\":\"9月・証憑監査\"}",
        "{\"concept\":\"受取商品券\",\"bookType\":\"\",\"materialSchema\":[],\"inputSchema\":[],\"reasoningPath\":[\"transaction-recognition\",\"double-entry\",\"single-step\"],\"numberOfSteps\":3,\"businessContext\":\"9月・証憑監査\"}",
        "{\"concept\":\"未収入金\",\"bookType\":\"\",\"materialSchema\":[],\"inputSchema\":[],\"reasoningPath\":[\"transaction-recognition\",\"double-entry\",\"減価償却\",\"single-step\"],\"numberOfSteps\":4,\"businessContext\":\"9月・証憑監査\"}",
        "{\"concept\":\"仕訳帳\",\"bookType\":\"仕訳帳\",\"materialSchema\":[\"取引\",\"日付\"],\"inputSchema\":[\"account\",\"folio\",\"amount\",\"account\",\"folio\",\"amount\",\"account\",\"folio\",\"amount\",\"account\",\"folio\",\"amount\"],\"reasoningPath\":[\"source-selection\",\"ledger\",\"元丁\",\"multi-step\"],\"numberOfSteps\":4,\"businessContext\":\"11月・社長の緊急質問\"}",
        "{\"concept\":\"受取手形記入帳\",\"bookType\":\"受取手形記入帳\",\"materialSchema\":[\"受取日\",\"振出人\",\"振出日\",\"摘要\",\"支払場所\",\"満期日\",\"金額\"],\"inputSchema\":[\"date\",\"text\",\"date\",\"date\",\"text\",\"text\",\"amount\",\"date\",\"text\",\"date\",\"date\",\"text\",\"text\",\"amount\",\"amount\"],\"reasoningPath\":[\"source-selection\",\"ledger\",\"満期\",\"multi-step\"],\"numberOfSteps\":4,\"businessContext\":\"11月・社長の緊急質問\"}",
        "{\"concept\":\"残高試算表\",\"bookType\":\"\",\"materialSchema\":[],\"inputSchema\":[\"amount\",\"amount\"],\"reasoningPath\":[\"transaction-recognition\",\"trial_balance\",\"single-step\"],\"numberOfSteps\":3,\"businessContext\":\"1月・年度決算\"}",
        "{\"concept\":\"残高試算表\",\"bookType\":\"\",\"materialSchema\":[],\"inputSchema\":[\"amount\",\"amount\"],\"reasoningPath\":[\"transaction-recognition\",\"trial_balance\",\"single-step\"],\"numberOfSteps\":3,\"businessContext\":\"1月・年度決算\"}",
        "{\"concept\":\"記帳訂正\",\"bookType\":\"記帳訂正\",\"materialSchema\":[\"evidence\",\"recorded\"],\"inputSchema\":[\"account\",\"amount\",\"account\",\"amount\"],\"reasoningPath\":[\"source-selection\",\"correction\",\"訂正\",\"multi-step\"],\"numberOfSteps\":4,\"businessContext\":\"2月・取締役会報告\"}",
        "{\"concept\":\"記帳訂正\",\"bookType\":\"記帳訂正\",\"materialSchema\":[\"evidence\",\"recorded\"],\"inputSchema\":[\"account\",\"amount\",\"account\",\"amount\"],\"reasoningPath\":[\"source-selection\",\"correction\",\"訂正\",\"multi-step\"],\"numberOfSteps\":4,\"businessContext\":\"2月・取締役会報告\"}",
        "{\"concept\":\"決算整理・計算問題\",\"bookType\":\"\",\"materialSchema\":[],\"inputSchema\":[\"amount\",\"amount\",\"amount\",\"amount\"],\"reasoningPath\":[\"transaction-recognition\",\"worksheet\",\"減価償却\",\"multi-step\"],\"numberOfSteps\":4,\"businessContext\":\"2月・取締役会報告\"}",
        "{\"concept\":\"決算整理・計算問題\",\"bookType\":\"\",\"materialSchema\":[],\"inputSchema\":[\"amount\",\"amount\",\"amount\",\"amount\"],\"reasoningPath\":[\"transaction-recognition\",\"worksheet\",\"減価償却\",\"multi-step\"],\"numberOfSteps\":4,\"businessContext\":\"3月・最後の決算\"}",
        "{\"concept\":\"貸借対照表\",\"bookType\":\"\",\"materialSchema\":[],\"inputSchema\":[\"amount\",\"amount\",\"amount\"],\"reasoningPath\":[\"transaction-recognition\",\"balance-sheet\",\"multi-step\"],\"numberOfSteps\":3,\"businessContext\":\"3月・最後の決算\"}",
        "{\"concept\":\"複数資料読み取り\",\"bookType\":\"\",\"materialSchema\":[\"date\",\"transaction\"],\"inputSchema\":[\"amount\",\"amount\"],\"reasoningPath\":[\"source-selection\",\"comprehensive\",\"棚卸\",\"single-step\"],\"numberOfSteps\":4,\"businessContext\":\"3月・最後の決算\"}"
      ]
    },
    {
      "attempt": 14,
      "questionIds": [
        "J138",
        "J139",
        "J140",
        "J141",
        "J142",
        "L043",
        "L044",
        "T037",
        "T038",
        "E019",
        "E020",
        "D017",
        "D018",
        "F003",
        "C009"
      ],
      "structuralSignatures": [
        "{\"concept\":\"訂正仕訳\",\"bookType\":\"\",\"materialSchema\":[],\"inputSchema\":[],\"reasoningPath\":[\"transaction-recognition\",\"double-entry\",\"訂正\",\"single-step\"],\"numberOfSteps\":4,\"businessContext\":\"9月・証憑監査\"}",
        "{\"concept\":\"訂正仕訳\",\"bookType\":\"\",\"materialSchema\":[],\"inputSchema\":[],\"reasoningPath\":[\"transaction-recognition\",\"double-entry\",\"訂正\",\"single-step\"],\"numberOfSteps\":4,\"businessContext\":\"9月・証憑監査\"}",
        "{\"concept\":\"未記帳取引\",\"bookType\":\"未記帳取引\",\"materialSchema\":[],\"inputSchema\":[],\"reasoningPath\":[\"transaction-recognition\",\"double-entry\",\"single-step\"],\"numberOfSteps\":3,\"businessContext\":\"9月・証憑監査\"}",
        "{\"concept\":\"前払費用\",\"bookType\":\"\",\"materialSchema\":[],\"inputSchema\":[],\"reasoningPath\":[\"transaction-recognition\",\"double-entry\",\"single-step\"],\"numberOfSteps\":3,\"businessContext\":\"9月・証憑監査\"}",
        "{\"concept\":\"未払費用\",\"bookType\":\"\",\"materialSchema\":[],\"inputSchema\":[],\"reasoningPath\":[\"transaction-recognition\",\"double-entry\",\"single-step\"],\"numberOfSteps\":3,\"businessContext\":\"9月・証憑監査\"}",
        "{\"concept\":\"支払手形記入帳\",\"bookType\":\"支払手形記入帳\",\"materialSchema\":[\"受取人\",\"振出日\",\"摘要\",\"支払場所\",\"満期日\",\"金額\"],\"inputSchema\":[\"date\",\"text\",\"date\",\"text\",\"text\",\"amount\",\"date\",\"text\",\"date\",\"text\",\"text\",\"amount\",\"amount\"],\"reasoningPath\":[\"source-selection\",\"ledger\",\"満期\",\"multi-step\"],\"numberOfSteps\":4,\"businessContext\":\"11月・社長の緊急質問\"}",
        "{\"concept\":\"現金出納帳\",\"bookType\":\"現金出納帳\",\"materialSchema\":[\"収入\",\"摘要\",\"支出\",\"日付\",\"証ひょう\"],\"inputSchema\":[\"amount\",\"amount\",\"amount\"],\"reasoningPath\":[\"source-selection\",\"ledger\",\"multi-step\"],\"numberOfSteps\":3,\"businessContext\":\"11月・社長の緊急質問\"}",
        "{\"concept\":\"残高試算表\",\"bookType\":\"\",\"materialSchema\":[],\"inputSchema\":[\"amount\",\"amount\"],\"reasoningPath\":[\"transaction-recognition\",\"trial_balance\",\"single-step\"],\"numberOfSteps\":3,\"businessContext\":\"1月・年度決算\"}",
        "{\"concept\":\"残高試算表\",\"bookType\":\"\",\"materialSchema\":[],\"inputSchema\":[\"amount\",\"amount\"],\"reasoningPath\":[\"transaction-recognition\",\"trial_balance\",\"single-step\"],\"numberOfSteps\":3,\"businessContext\":\"1月・年度決算\"}",
        "{\"concept\":\"記帳訂正\",\"bookType\":\"記帳訂正\",\"materialSchema\":[\"evidence\",\"recorded\"],\"inputSchema\":[\"account\",\"amount\",\"account\",\"amount\"],\"reasoningPath\":[\"source-selection\",\"correction\",\"訂正\",\"multi-step\"],\"numberOfSteps\":4,\"businessContext\":\"2月・取締役会報告\"}",
        "{\"concept\":\"記帳訂正\",\"bookType\":\"記帳訂正\",\"materialSchema\":[\"evidence\",\"recorded\"],\"inputSchema\":[\"account\",\"amount\",\"account\",\"amount\"],\"reasoningPath\":[\"source-selection\",\"correction\",\"訂正\",\"multi-step\"],\"numberOfSteps\":4,\"businessContext\":\"2月・取締役会報告\"}",
        "{\"concept\":\"決算整理・計算問題\",\"bookType\":\"\",\"materialSchema\":[],\"inputSchema\":[\"amount\",\"amount\",\"amount\",\"amount\"],\"reasoningPath\":[\"transaction-recognition\",\"worksheet\",\"減価償却\",\"multi-step\"],\"numberOfSteps\":4,\"businessContext\":\"3月・最後の決算\"}",
        "{\"concept\":\"決算整理・計算問題\",\"bookType\":\"\",\"materialSchema\":[],\"inputSchema\":[\"amount\",\"amount\",\"amount\",\"amount\"],\"reasoningPath\":[\"transaction-recognition\",\"worksheet\",\"減価償却\",\"multi-step\"],\"numberOfSteps\":4,\"businessContext\":\"3月・最後の決算\"}",
        "{\"concept\":\"貸借対照表\",\"bookType\":\"\",\"materialSchema\":[],\"inputSchema\":[\"amount\",\"amount\",\"amount\"],\"reasoningPath\":[\"transaction-recognition\",\"balance-sheet\",\"multi-step\"],\"numberOfSteps\":3,\"businessContext\":\"3月・最後の決算\"}",
        "{\"concept\":\"複数資料読み取り\",\"bookType\":\"\",\"materialSchema\":[\"date\",\"transaction\"],\"inputSchema\":[\"amount\",\"amount\"],\"reasoningPath\":[\"source-selection\",\"comprehensive\",\"棚卸\",\"single-step\"],\"numberOfSteps\":4,\"businessContext\":\"3月・最後の決算\"}"
      ]
    },
    {
      "attempt": 15,
      "questionIds": [
        "J143",
        "J144",
        "J145",
        "J146",
        "J147",
        "L045",
        "L046",
        "T039",
        "T040",
        "E015",
        "E016",
        "D019",
        "D020",
        "F008",
        "C010"
      ],
      "structuralSignatures": [
        "{\"concept\":\"前受収益\",\"bookType\":\"\",\"materialSchema\":[],\"inputSchema\":[],\"reasoningPath\":[\"transaction-recognition\",\"double-entry\",\"single-step\"],\"numberOfSteps\":3,\"businessContext\":\"9月・証憑監査\"}",
        "{\"concept\":\"未収収益\",\"bookType\":\"\",\"materialSchema\":[],\"inputSchema\":[],\"reasoningPath\":[\"transaction-recognition\",\"double-entry\",\"single-step\"],\"numberOfSteps\":3,\"businessContext\":\"9月・証憑監査\"}",
        "{\"concept\":\"貸倒引当金\",\"bookType\":\"\",\"materialSchema\":[\"取引内容\",\"資料種別\"],\"inputSchema\":[],\"reasoningPath\":[\"source-selection\",\"double-entry\",\"貸倒\",\"single-step\"],\"numberOfSteps\":4,\"businessContext\":\"9月・証憑監査\"}",
        "{\"concept\":\"貸倒れ\",\"bookType\":\"\",\"materialSchema\":[\"取引内容\",\"資料種別\"],\"inputSchema\":[],\"reasoningPath\":[\"source-selection\",\"double-entry\",\"貸倒\",\"single-step\"],\"numberOfSteps\":4,\"businessContext\":\"9月・証憑監査\"}",
        "{\"concept\":\"当座借越\",\"bookType\":\"\",\"materialSchema\":[\"取引内容\",\"資料種別\"],\"inputSchema\":[],\"reasoningPath\":[\"source-selection\",\"double-entry\",\"single-step\"],\"numberOfSteps\":3,\"businessContext\":\"9月・証憑監査\"}",
        "{\"concept\":\"当座預金出納帳\",\"bookType\":\"当座預金出納帳\",\"materialSchema\":[\"引出\",\"摘要\",\"日付\",\"証ひょう\",\"預入\"],\"inputSchema\":[\"amount\",\"amount\",\"amount\"],\"reasoningPath\":[\"source-selection\",\"ledger\",\"multi-step\"],\"numberOfSteps\":3,\"businessContext\":\"11月・社長の緊急質問\"}",
        "{\"concept\":\"小口現金出納帳\",\"bookType\":\"小口現金出納帳\",\"materialSchema\":[\"摘要\",\"日付\",\"証ひょう\",\"金額\"],\"inputSchema\":[\"amount\",\"amount\",\"amount\"],\"reasoningPath\":[\"source-selection\",\"ledger\",\"multi-step\"],\"numberOfSteps\":3,\"businessContext\":\"11月・社長の緊急質問\"}",
        "{\"concept\":\"残高試算表\",\"bookType\":\"\",\"materialSchema\":[],\"inputSchema\":[\"amount\",\"amount\"],\"reasoningPath\":[\"transaction-recognition\",\"trial_balance\",\"single-step\"],\"numberOfSteps\":3,\"businessContext\":\"1月・年度決算\"}",
        "{\"concept\":\"残高試算表\",\"bookType\":\"\",\"materialSchema\":[],\"inputSchema\":[\"amount\",\"amount\"],\"reasoningPath\":[\"transaction-recognition\",\"trial_balance\",\"single-step\"],\"numberOfSteps\":3,\"businessContext\":\"1月・年度決算\"}",
        "{\"concept\":\"記帳訂正\",\"bookType\":\"記帳訂正\",\"materialSchema\":[\"evidence\",\"recorded\"],\"inputSchema\":[\"account\",\"amount\",\"account\",\"amount\"],\"reasoningPath\":[\"source-selection\",\"correction\",\"訂正\",\"multi-step\"],\"numberOfSteps\":4,\"businessContext\":\"2月・取締役会報告\"}",
        "{\"concept\":\"記帳訂正\",\"bookType\":\"記帳訂正\",\"materialSchema\":[\"evidence\",\"recorded\"],\"inputSchema\":[\"account\",\"amount\",\"account\",\"amount\"],\"reasoningPath\":[\"source-selection\",\"correction\",\"訂正\",\"multi-step\"],\"numberOfSteps\":4,\"businessContext\":\"2月・取締役会報告\"}",
        "{\"concept\":\"決算整理後残高試算表\",\"bookType\":\"\",\"materialSchema\":[\"勘定科目\",\"整理事項\",\"整理前借方\",\"整理前貸方\"],\"inputSchema\":[\"amount\",\"amount\",\"amount\",\"amount\",\"amount\",\"amount\",\"amount\",\"amount\",\"amount\",\"amount\",\"amount\",\"amount\",\"amount\"],\"reasoningPath\":[\"source-selection\",\"adjusted-trial-balance\",\"減価償却\",\"multi-step\"],\"numberOfSteps\":4,\"businessContext\":\"3月・最後の決算\"}",
        "{\"concept\":\"帳簿締切\",\"bookType\":\"帳簿締切\",\"materialSchema\":[],\"inputSchema\":[\"amount\",\"amount\",\"amount\",\"amount\",\"amount\"],\"reasoningPath\":[\"transaction-recognition\",\"closing-entries\",\"減価償却\",\"multi-step\"],\"numberOfSteps\":4,\"businessContext\":\"3月・最後の決算\"}",
        "{\"concept\":\"貸借対照表\",\"bookType\":\"\",\"materialSchema\":[],\"inputSchema\":[\"amount\",\"amount\",\"amount\"],\"reasoningPath\":[\"transaction-recognition\",\"balance-sheet\",\"multi-step\"],\"numberOfSteps\":3,\"businessContext\":\"3月・最後の決算\"}",
        "{\"concept\":\"複数資料読み取り\",\"bookType\":\"\",\"materialSchema\":[\"date\",\"transaction\"],\"inputSchema\":[\"amount\",\"amount\"],\"reasoningPath\":[\"source-selection\",\"comprehensive\",\"棚卸\",\"減価償却\",\"single-step\"],\"numberOfSteps\":5,\"businessContext\":\"3月・最後の決算\"}"
      ]
    },
    {
      "attempt": 16,
      "questionIds": [
        "J128",
        "J129",
        "J130",
        "J131",
        "J132",
        "L047",
        "L048",
        "T033",
        "T034",
        "E017",
        "E018",
        "D013",
        "D014",
        "F009",
        "C001"
      ],
      "structuralSignatures": [
        "{\"concept\":\"給与\",\"bookType\":\"\",\"materialSchema\":[],\"inputSchema\":[],\"reasoningPath\":[\"transaction-recognition\",\"double-entry\",\"single-step\"],\"numberOfSteps\":3,\"businessContext\":\"9月・証憑監査\"}",
        "{\"concept\":\"預り金納付\",\"bookType\":\"\",\"materialSchema\":[],\"inputSchema\":[],\"reasoningPath\":[\"transaction-recognition\",\"double-entry\",\"single-step\"],\"numberOfSteps\":3,\"businessContext\":\"9月・証憑監査\"}",
        "{\"concept\":\"法定福利費\",\"bookType\":\"\",\"materialSchema\":[],\"inputSchema\":[],\"reasoningPath\":[\"transaction-recognition\",\"double-entry\",\"single-step\"],\"numberOfSteps\":3,\"businessContext\":\"9月・証憑監査\"}",
        "{\"concept\":\"水道光熱費\",\"bookType\":\"\",\"materialSchema\":[],\"inputSchema\":[],\"reasoningPath\":[\"transaction-recognition\",\"double-entry\",\"single-step\"],\"numberOfSteps\":3,\"businessContext\":\"9月・証憑監査\"}",
        "{\"concept\":\"収入印紙\",\"bookType\":\"\",\"materialSchema\":[],\"inputSchema\":[],\"reasoningPath\":[\"transaction-recognition\",\"double-entry\",\"single-step\"],\"numberOfSteps\":3,\"businessContext\":\"9月・証憑監査\"}",
        "{\"concept\":\"仕入帳\",\"bookType\":\"仕入帳\",\"materialSchema\":[],\"inputSchema\":[\"amount\",\"amount\",\"amount\"],\"reasoningPath\":[\"transaction-recognition\",\"ledger\",\"multi-step\"],\"numberOfSteps\":3,\"businessContext\":\"11月・社長の緊急質問\"}",
        "{\"concept\":\"売上帳\",\"bookType\":\"売上帳\",\"materialSchema\":[],\"inputSchema\":[\"amount\",\"amount\",\"amount\"],\"reasoningPath\":[\"transaction-recognition\",\"ledger\",\"multi-step\"],\"numberOfSteps\":3,\"businessContext\":\"11月・社長の緊急質問\"}",
        "{\"concept\":\"残高試算表\",\"bookType\":\"\",\"materialSchema\":[],\"inputSchema\":[\"amount\",\"amount\"],\"reasoningPath\":[\"transaction-recognition\",\"trial_balance\",\"single-step\"],\"numberOfSteps\":3,\"businessContext\":\"1月・年度決算\"}",
        "{\"concept\":\"残高試算表\",\"bookType\":\"\",\"materialSchema\":[],\"inputSchema\":[\"amount\",\"amount\"],\"reasoningPath\":[\"transaction-recognition\",\"trial_balance\",\"single-step\"],\"numberOfSteps\":3,\"businessContext\":\"1月・年度決算\"}",
        "{\"concept\":\"記帳訂正\",\"bookType\":\"記帳訂正\",\"materialSchema\":[\"evidence\",\"recorded\"],\"inputSchema\":[\"account\",\"amount\",\"account\",\"amount\"],\"reasoningPath\":[\"source-selection\",\"correction\",\"訂正\",\"multi-step\"],\"numberOfSteps\":4,\"businessContext\":\"2月・取締役会報告\"}",
        "{\"concept\":\"記帳訂正\",\"bookType\":\"記帳訂正\",\"materialSchema\":[\"evidence\",\"recorded\"],\"inputSchema\":[\"account\",\"amount\",\"account\",\"amount\"],\"reasoningPath\":[\"source-selection\",\"correction\",\"訂正\",\"multi-step\"],\"numberOfSteps\":4,\"businessContext\":\"2月・取締役会報告\"}",
        "{\"concept\":\"決算整理・計算問題\",\"bookType\":\"\",\"materialSchema\":[],\"inputSchema\":[\"amount\",\"amount\",\"amount\",\"amount\"],\"reasoningPath\":[\"transaction-recognition\",\"worksheet\",\"減価償却\",\"multi-step\"],\"numberOfSteps\":4,\"businessContext\":\"2月・取締役会報告\"}",
        "{\"concept\":\"決算整理・計算問題\",\"bookType\":\"\",\"materialSchema\":[],\"inputSchema\":[\"amount\",\"amount\",\"amount\",\"amount\"],\"reasoningPath\":[\"transaction-recognition\",\"worksheet\",\"減価償却\",\"multi-step\"],\"numberOfSteps\":4,\"businessContext\":\"2月・取締役会報告\"}",
        "{\"concept\":\"貸借対照表\",\"bookType\":\"\",\"materialSchema\":[],\"inputSchema\":[\"amount\",\"amount\",\"amount\"],\"reasoningPath\":[\"transaction-recognition\",\"balance-sheet\",\"multi-step\"],\"numberOfSteps\":3,\"businessContext\":\"3月・最後の決算\"}",
        "{\"concept\":\"統合決算A（棚卸・貸倒・月割）\",\"bookType\":\"\",\"materialSchema\":[\"借方\",\"借方合計\",\"内容\",\"貸方\",\"貸方合計\",\"資料区分\"],\"inputSchema\":[\"amount\",\"amount\",\"amount\",\"amount\",\"amount\",\"amount\",\"amount\",\"amount\",\"amount\",\"amount\"],\"reasoningPath\":[\"source-selection\",\"exam-question-3\",\"貸倒\",\"減価償却\",\"月割\",\"multi-step\"],\"numberOfSteps\":6,\"businessContext\":\"3月・最後の決算\"}"
      ]
    },
    {
      "attempt": 17,
      "questionIds": [
        "J133",
        "J134",
        "J135",
        "J136",
        "J137",
        "L049",
        "L050",
        "T035",
        "T036",
        "E019",
        "E020",
        "D015",
        "D016",
        "F010",
        "C002"
      ],
      "structuralSignatures": [
        "{\"concept\":\"貸付金\",\"bookType\":\"\",\"materialSchema\":[],\"inputSchema\":[],\"reasoningPath\":[\"transaction-recognition\",\"double-entry\",\"single-step\"],\"numberOfSteps\":3,\"businessContext\":\"9月・証憑監査\"}",
        "{\"concept\":\"償却債権取立益\",\"bookType\":\"\",\"materialSchema\":[],\"inputSchema\":[],\"reasoningPath\":[\"transaction-recognition\",\"double-entry\",\"貸倒\",\"single-step\"],\"numberOfSteps\":4,\"businessContext\":\"9月・証憑監査\"}",
        "{\"concept\":\"法人税等\",\"bookType\":\"\",\"materialSchema\":[],\"inputSchema\":[],\"reasoningPath\":[\"transaction-recognition\",\"double-entry\",\"single-step\"],\"numberOfSteps\":3,\"businessContext\":\"9月・証憑監査\"}",
        "{\"concept\":\"受取商品券\",\"bookType\":\"\",\"materialSchema\":[],\"inputSchema\":[],\"reasoningPath\":[\"transaction-recognition\",\"double-entry\",\"single-step\"],\"numberOfSteps\":3,\"businessContext\":\"9月・証憑監査\"}",
        "{\"concept\":\"未収入金\",\"bookType\":\"\",\"materialSchema\":[],\"inputSchema\":[],\"reasoningPath\":[\"transaction-recognition\",\"double-entry\",\"減価償却\",\"single-step\"],\"numberOfSteps\":4,\"businessContext\":\"9月・証憑監査\"}",
        "{\"concept\":\"商品有高帳・移動平均法\",\"bookType\":\"商品有高帳・移動平均法\",\"materialSchema\":[],\"inputSchema\":[\"unitPrice\",\"amount\",\"amount\"],\"reasoningPath\":[\"transaction-recognition\",\"ledger\",\"移動平均\",\"multi-step\"],\"numberOfSteps\":4,\"businessContext\":\"11月・社長の緊急質問\"}",
        "{\"concept\":\"伝票（3伝票制）\",\"bookType\":\"\",\"materialSchema\":[],\"inputSchema\":[\"amount\",\"amount\",\"amount\"],\"reasoningPath\":[\"transaction-recognition\",\"ledger\",\"multi-step\"],\"numberOfSteps\":3,\"businessContext\":\"11月・社長の緊急質問\"}",
        "{\"concept\":\"残高試算表\",\"bookType\":\"\",\"materialSchema\":[],\"inputSchema\":[\"amount\",\"amount\"],\"reasoningPath\":[\"transaction-recognition\",\"trial_balance\",\"single-step\"],\"numberOfSteps\":3,\"businessContext\":\"1月・年度決算\"}",
        "{\"concept\":\"残高試算表\",\"bookType\":\"\",\"materialSchema\":[],\"inputSchema\":[\"amount\",\"amount\"],\"reasoningPath\":[\"transaction-recognition\",\"trial_balance\",\"single-step\"],\"numberOfSteps\":3,\"businessContext\":\"1月・年度決算\"}",
        "{\"concept\":\"記帳訂正\",\"bookType\":\"記帳訂正\",\"materialSchema\":[\"evidence\",\"recorded\"],\"inputSchema\":[\"account\",\"amount\",\"account\",\"amount\"],\"reasoningPath\":[\"source-selection\",\"correction\",\"訂正\",\"multi-step\"],\"numberOfSteps\":4,\"businessContext\":\"2月・取締役会報告\"}",
        "{\"concept\":\"記帳訂正\",\"bookType\":\"記帳訂正\",\"materialSchema\":[\"evidence\",\"recorded\"],\"inputSchema\":[\"account\",\"amount\",\"account\",\"amount\"],\"reasoningPath\":[\"source-selection\",\"correction\",\"訂正\",\"multi-step\"],\"numberOfSteps\":4,\"businessContext\":\"2月・取締役会報告\"}",
        "{\"concept\":\"決算整理・計算問題\",\"bookType\":\"\",\"materialSchema\":[],\"inputSchema\":[\"amount\",\"amount\",\"amount\",\"amount\"],\"reasoningPath\":[\"transaction-recognition\",\"worksheet\",\"減価償却\",\"multi-step\"],\"numberOfSteps\":4,\"businessContext\":\"2月・取締役会報告\"}",
        "{\"concept\":\"決算整理・計算問題\",\"bookType\":\"\",\"materialSchema\":[],\"inputSchema\":[\"amount\",\"amount\",\"amount\",\"amount\"],\"reasoningPath\":[\"transaction-recognition\",\"worksheet\",\"減価償却\",\"multi-step\"],\"numberOfSteps\":4,\"businessContext\":\"3月・最後の決算\"}",
        "{\"concept\":\"貸借対照表\",\"bookType\":\"\",\"materialSchema\":[],\"inputSchema\":[\"amount\",\"amount\",\"amount\"],\"reasoningPath\":[\"transaction-recognition\",\"balance-sheet\",\"multi-step\"],\"numberOfSteps\":3,\"businessContext\":\"3月・最後の決算\"}",
        "{\"concept\":\"統合決算B（訂正・消費税・現金過不足）\",\"bookType\":\"\",\"materialSchema\":[\"内容\",\"資料区分\"],\"inputSchema\":[\"amount\",\"amount\",\"amount\",\"amount\",\"amount\",\"amount\",\"amount\",\"amount\",\"amount\",\"amount\",\"amount\",\"amount\"],\"reasoningPath\":[\"source-selection\",\"exam-question-3\",\"消費税\",\"減価償却\",\"訂正\",\"multi-step\"],\"numberOfSteps\":6,\"businessContext\":\"3月・最後の決算\"}"
      ]
    },
    {
      "attempt": 18,
      "questionIds": [
        "J138",
        "J139",
        "J140",
        "J141",
        "J142",
        "L033",
        "L034",
        "T037",
        "T038",
        "E015",
        "E016",
        "D017",
        "D018",
        "F001",
        "C003"
      ],
      "structuralSignatures": [
        "{\"concept\":\"訂正仕訳\",\"bookType\":\"\",\"materialSchema\":[],\"inputSchema\":[],\"reasoningPath\":[\"transaction-recognition\",\"double-entry\",\"訂正\",\"single-step\"],\"numberOfSteps\":4,\"businessContext\":\"9月・証憑監査\"}",
        "{\"concept\":\"訂正仕訳\",\"bookType\":\"\",\"materialSchema\":[],\"inputSchema\":[],\"reasoningPath\":[\"transaction-recognition\",\"double-entry\",\"訂正\",\"single-step\"],\"numberOfSteps\":4,\"businessContext\":\"9月・証憑監査\"}",
        "{\"concept\":\"未記帳取引\",\"bookType\":\"未記帳取引\",\"materialSchema\":[],\"inputSchema\":[],\"reasoningPath\":[\"transaction-recognition\",\"double-entry\",\"single-step\"],\"numberOfSteps\":3,\"businessContext\":\"9月・証憑監査\"}",
        "{\"concept\":\"前払費用\",\"bookType\":\"\",\"materialSchema\":[],\"inputSchema\":[],\"reasoningPath\":[\"transaction-recognition\",\"double-entry\",\"single-step\"],\"numberOfSteps\":3,\"businessContext\":\"9月・証憑監査\"}",
        "{\"concept\":\"未払費用\",\"bookType\":\"\",\"materialSchema\":[],\"inputSchema\":[],\"reasoningPath\":[\"transaction-recognition\",\"double-entry\",\"single-step\"],\"numberOfSteps\":3,\"businessContext\":\"9月・証憑監査\"}",
        "{\"concept\":\"固定資産台帳（月割・売却）\",\"bookType\":\"固定資産台帳（月割・売却）\",\"materialSchema\":[\"取得原価\",\"取得日\",\"証憑\"],\"inputSchema\":[\"date\",\"amount\",\"amount\",\"amount\"],\"reasoningPath\":[\"記帳対象選別\",\"日付順整列\",\"帳簿転記\",\"検算\",\"取得と期末簿価\"],\"numberOfSteps\":5,\"businessContext\":\"証憑から本試験帳簿\"}",
        "{\"concept\":\"仕訳帳\",\"bookType\":\"仕訳帳\",\"materialSchema\":[\"内容\",\"日付\",\"証憑\"],\"inputSchema\":[\"date\",\"text\",\"folio\",\"amount\",\"amount\"],\"reasoningPath\":[\"記帳対象選別\",\"日付順整列\",\"帳簿転記\",\"検算\",\"複合仕訳\"],\"numberOfSteps\":5,\"businessContext\":\"証憑から本試験帳簿\"}",
        "{\"concept\":\"残高試算表\",\"bookType\":\"\",\"materialSchema\":[],\"inputSchema\":[\"amount\",\"amount\"],\"reasoningPath\":[\"transaction-recognition\",\"trial_balance\",\"single-step\"],\"numberOfSteps\":3,\"businessContext\":\"1月・年度決算\"}",
        "{\"concept\":\"残高試算表\",\"bookType\":\"\",\"materialSchema\":[],\"inputSchema\":[\"amount\",\"amount\"],\"reasoningPath\":[\"transaction-recognition\",\"trial_balance\",\"single-step\"],\"numberOfSteps\":3,\"businessContext\":\"1月・年度決算\"}",
        "{\"concept\":\"記帳訂正\",\"bookType\":\"記帳訂正\",\"materialSchema\":[\"evidence\",\"recorded\"],\"inputSchema\":[\"account\",\"amount\",\"account\",\"amount\"],\"reasoningPath\":[\"source-selection\",\"correction\",\"訂正\",\"multi-step\"],\"numberOfSteps\":4,\"businessContext\":\"2月・取締役会報告\"}",
        "{\"concept\":\"記帳訂正\",\"bookType\":\"記帳訂正\",\"materialSchema\":[\"evidence\",\"recorded\"],\"inputSchema\":[\"account\",\"amount\",\"account\",\"amount\"],\"reasoningPath\":[\"source-selection\",\"correction\",\"訂正\",\"multi-step\"],\"numberOfSteps\":4,\"businessContext\":\"2月・取締役会報告\"}",
        "{\"concept\":\"決算整理・計算問題\",\"bookType\":\"\",\"materialSchema\":[],\"inputSchema\":[\"amount\",\"amount\",\"amount\",\"amount\"],\"reasoningPath\":[\"transaction-recognition\",\"worksheet\",\"減価償却\",\"multi-step\"],\"numberOfSteps\":4,\"businessContext\":\"3月・最後の決算\"}",
        "{\"concept\":\"決算整理・計算問題\",\"bookType\":\"\",\"materialSchema\":[],\"inputSchema\":[\"amount\",\"amount\",\"amount\",\"amount\"],\"reasoningPath\":[\"transaction-recognition\",\"worksheet\",\"減価償却\",\"multi-step\"],\"numberOfSteps\":4,\"businessContext\":\"3月・最後の決算\"}",
        "{\"concept\":\"損益計算書\",\"bookType\":\"\",\"materialSchema\":[\"勘定科目\",\"区分\",\"金額\"],\"inputSchema\":[\"amount\",\"amount\",\"amount\",\"amount\"],\"reasoningPath\":[\"source-selection\",\"income-statement\",\"減価償却\",\"multi-step\"],\"numberOfSteps\":4,\"businessContext\":\"3月・最後の決算\"}",
        "{\"concept\":\"統合決算C（経過勘定・固定資産・貸倒）\",\"bookType\":\"\",\"materialSchema\":[\"内容\",\"資料区分\"],\"inputSchema\":[\"amount\",\"amount\",\"amount\",\"amount\",\"amount\",\"amount\",\"amount\",\"amount\",\"amount\",\"amount\"],\"reasoningPath\":[\"source-selection\",\"exam-question-3\",\"貸倒\",\"減価償却\",\"月割\",\"multi-step\"],\"numberOfSteps\":6,\"businessContext\":\"3月・最後の決算\"}"
      ]
    },
    {
      "attempt": 19,
      "questionIds": [
        "J143",
        "J144",
        "J145",
        "J146",
        "J147",
        "L035",
        "L036",
        "T039",
        "T040",
        "E017",
        "E018",
        "D019",
        "D020",
        "F002",
        "C006"
      ],
      "structuralSignatures": [
        "{\"concept\":\"前受収益\",\"bookType\":\"\",\"materialSchema\":[],\"inputSchema\":[],\"reasoningPath\":[\"transaction-recognition\",\"double-entry\",\"single-step\"],\"numberOfSteps\":3,\"businessContext\":\"9月・証憑監査\"}",
        "{\"concept\":\"未収収益\",\"bookType\":\"\",\"materialSchema\":[],\"inputSchema\":[],\"reasoningPath\":[\"transaction-recognition\",\"double-entry\",\"single-step\"],\"numberOfSteps\":3,\"businessContext\":\"9月・証憑監査\"}",
        "{\"concept\":\"貸倒引当金\",\"bookType\":\"\",\"materialSchema\":[\"取引内容\",\"資料種別\"],\"inputSchema\":[],\"reasoningPath\":[\"source-selection\",\"double-entry\",\"貸倒\",\"single-step\"],\"numberOfSteps\":4,\"businessContext\":\"9月・証憑監査\"}",
        "{\"concept\":\"貸倒れ\",\"bookType\":\"\",\"materialSchema\":[\"取引内容\",\"資料種別\"],\"inputSchema\":[],\"reasoningPath\":[\"source-selection\",\"double-entry\",\"貸倒\",\"single-step\"],\"numberOfSteps\":4,\"businessContext\":\"9月・証憑監査\"}",
        "{\"concept\":\"当座借越\",\"bookType\":\"\",\"materialSchema\":[\"取引内容\",\"資料種別\"],\"inputSchema\":[],\"reasoningPath\":[\"source-selection\",\"double-entry\",\"single-step\"],\"numberOfSteps\":3,\"businessContext\":\"9月・証憑監査\"}",
        "{\"concept\":\"受取手形記入帳\",\"bookType\":\"受取手形記入帳\",\"materialSchema\":[\"振出人\",\"支払場所\",\"日付\",\"満期日\",\"種類\",\"金額\"],\"inputSchema\":[\"date\",\"date\",\"text\",\"amount\"],\"reasoningPath\":[\"記帳対象選別\",\"日付順整列\",\"帳簿転記\",\"検算\",\"選別と三件満期\"],\"numberOfSteps\":5,\"businessContext\":\"証憑から本試験帳簿\"}",
        "{\"concept\":\"支払手形記入帳\",\"bookType\":\"支払手形記入帳\",\"materialSchema\":[\"受取人\",\"摘要\",\"日付\",\"満期日\",\"種類\",\"金額\"],\"inputSchema\":[\"date\",\"date\",\"text\",\"amount\"],\"reasoningPath\":[\"記帳対象選別\",\"日付順整列\",\"帳簿転記\",\"検算\",\"更新手形と二件\"],\"numberOfSteps\":5,\"businessContext\":\"証憑から本試験帳簿\"}",
        "{\"concept\":\"残高試算表\",\"bookType\":\"\",\"materialSchema\":[],\"inputSchema\":[\"amount\",\"amount\"],\"reasoningPath\":[\"transaction-recognition\",\"trial_balance\",\"single-step\"],\"numberOfSteps\":3,\"businessContext\":\"1月・年度決算\"}",
        "{\"concept\":\"残高試算表\",\"bookType\":\"\",\"materialSchema\":[],\"inputSchema\":[\"amount\",\"amount\"],\"reasoningPath\":[\"transaction-recognition\",\"trial_balance\",\"single-step\"],\"numberOfSteps\":3,\"businessContext\":\"1月・年度決算\"}",
        "{\"concept\":\"記帳訂正\",\"bookType\":\"記帳訂正\",\"materialSchema\":[\"evidence\",\"recorded\"],\"inputSchema\":[\"account\",\"amount\",\"account\",\"amount\"],\"reasoningPath\":[\"source-selection\",\"correction\",\"訂正\",\"multi-step\"],\"numberOfSteps\":4,\"businessContext\":\"2月・取締役会報告\"}",
        "{\"concept\":\"記帳訂正\",\"bookType\":\"記帳訂正\",\"materialSchema\":[\"evidence\",\"recorded\"],\"inputSchema\":[\"account\",\"amount\",\"account\",\"amount\"],\"reasoningPath\":[\"source-selection\",\"correction\",\"訂正\",\"multi-step\"],\"numberOfSteps\":4,\"businessContext\":\"2月・取締役会報告\"}",
        "{\"concept\":\"決算整理後残高試算表\",\"bookType\":\"\",\"materialSchema\":[\"勘定科目\",\"整理事項\",\"整理前借方\",\"整理前貸方\"],\"inputSchema\":[\"amount\",\"amount\",\"amount\",\"amount\",\"amount\",\"amount\",\"amount\",\"amount\",\"amount\",\"amount\",\"amount\",\"amount\",\"amount\"],\"reasoningPath\":[\"source-selection\",\"adjusted-trial-balance\",\"減価償却\",\"multi-step\"],\"numberOfSteps\":4,\"businessContext\":\"3月・最後の決算\"}",
        "{\"concept\":\"帳簿締切\",\"bookType\":\"帳簿締切\",\"materialSchema\":[],\"inputSchema\":[\"amount\",\"amount\",\"amount\",\"amount\",\"amount\"],\"reasoningPath\":[\"transaction-recognition\",\"closing-entries\",\"減価償却\",\"multi-step\"],\"numberOfSteps\":4,\"businessContext\":\"3月・最後の決算\"}",
        "{\"concept\":\"貸借対照表\",\"bookType\":\"\",\"materialSchema\":[],\"inputSchema\":[\"amount\",\"amount\",\"amount\"],\"reasoningPath\":[\"transaction-recognition\",\"balance-sheet\",\"multi-step\"],\"numberOfSteps\":3,\"businessContext\":\"3月・最後の決算\"}",
        "{\"concept\":\"複数資料読み取り\",\"bookType\":\"\",\"materialSchema\":[\"date\",\"transaction\"],\"inputSchema\":[\"amount\",\"amount\"],\"reasoningPath\":[\"source-selection\",\"comprehensive\",\"棚卸\",\"single-step\"],\"numberOfSteps\":4,\"businessContext\":\"3月・最後の決算\"}"
      ]
    }
  ],
  "rows": [
    {
      "officialTopic": "仕訳",
      "questions": 20,
      "appeared": 20,
      "structuralSignatures": 19,
      "reasoningPaths": 6,
      "pass": true
    },
    {
      "officialTopic": "仕訳帳",
      "questions": 2,
      "appeared": 2,
      "structuralSignatures": 2,
      "reasoningPaths": 2,
      "pass": true
    },
    {
      "officialTopic": "総勘定元帳",
      "questions": 2,
      "appeared": 2,
      "structuralSignatures": 2,
      "reasoningPaths": 2,
      "pass": true
    },
    {
      "officialTopic": "受取手形記入帳",
      "questions": 2,
      "appeared": 2,
      "structuralSignatures": 2,
      "reasoningPaths": 2,
      "pass": true
    },
    {
      "officialTopic": "支払手形記入帳",
      "questions": 2,
      "appeared": 2,
      "structuralSignatures": 2,
      "reasoningPaths": 2,
      "pass": true
    },
    {
      "officialTopic": "固定資産",
      "questions": 2,
      "appeared": 2,
      "structuralSignatures": 2,
      "reasoningPaths": 2,
      "pass": true
    },
    {
      "officialTopic": "年利率・月割利息",
      "questions": 2,
      "appeared": 2,
      "structuralSignatures": 2,
      "reasoningPaths": 2,
      "pass": true
    },
    {
      "officialTopic": "決算整理",
      "questions": 9,
      "appeared": 9,
      "structuralSignatures": 6,
      "reasoningPaths": 5,
      "pass": true
    },
    {
      "officialTopic": "P/L・B/S統合",
      "questions": 3,
      "appeared": 3,
      "structuralSignatures": 3,
      "reasoningPaths": 2,
      "pass": true
    },
    {
      "officialTopic": "初見転移",
      "questions": 30,
      "appeared": 30,
      "structuralSignatures": 22,
      "reasoningPaths": 17,
      "pass": true
    }
  ],
  "ok": true
}
Exam Readiness Audit: PASS (10/10)
npm warn Unknown env config "http-proxy". This will stop working in the next major version of npm.

> boki-rpg-app@1.0.0 typecheck
> tsc --noEmit

